id,host_id,listing_url,last_scraped,host_since,first_review,last_review,host_name,host_response_time,host_response_rate,host_acceptance_rate,host_is_superhost,host_total_listings_count,host_has_profile_pic,host_identity_verified,neighbourhood_cleansed,latitude,longitude,property_type,room_type,accommodates,bathrooms_text,bedrooms,beds,amenities,has_availability,instant_bookable,price,minimum_nights,maximum_nights,minimum_nights_avg_ntm,maximum_nights_avg_ntm,availability_30,availability_365,number_of_reviews,number_of_reviews_ltm,number_of_reviews_l30d,review_scores_rating,review_scores_accuracy,review_scores_cleanliness,review_scores_checkin,review_scores_communication,review_scores_location,review_scores_value,license,calendar_updated,calculated_host_listings_count_shared_rooms,host_location,source,neighbourhood_group_cleansed
6,29,https://www.airbnb.com/rooms/6,2024-12-23,2008-03-03,2008-06-22,2024-10-20,Sara,within an hour,100%,93%,f,1,t,t,North Hills,32.75522,-117.12873,Entire home,Entire home/apt,8,2 baths,3.0,6.0,"[""Dishes and silverware"", ""Keypad"", ""Heating"", ""Luggage dropoff allowed"", ""Free dryer \u2013 In unit"", ""Oven"", ""Dishwasher"", ""Blender"", ""Board games"", ""Free parking on premises"", ""Iron"", ""Hot water"", ""Room-darkening shades"", ""Children's playroom"", ""Outlet covers"", ""75 inch HDTV with Amazon Prime Video, Apple TV, Disney+, HBO Max, Hulu, Netflix"", ""Coffee"", ""Sun loungers"", ""Life size games"", ""Shampoo"", ""Private entrance"", ""Bathtub"", ""Cooking basics"", ""Bed linens"", ""Mini fridge"", ""Microwave"", ""Essentials"", ""Free washer \u2013 In unit"", ""Baking sheet"", ""Kitchen"", ""Self check-in"", ""LG refrigerator"", ""Wifi"", ""Long term stays allowed"", ""GE gas stove"", ""Ceiling fan"", ""Clothing storage"", ""Wine glasses"", ""Fire extinguisher"", ""Exterior security cameras on property"", ""Free street parking"", ""Central air conditioning"", ""High chair"", ""Private patio or balcony"", ""Children\u2019s bikes"", ""Children\u2019s books and toys"", ""Private BBQ grill: gas"", ""Pack \u2019n play/Travel crib - available upon request"", ""Game console: Xbox One"", ""Laundromat nearby"", ""Baby monitor"", ""Mini golf"", ""Carbon monoxide alarm"", ""Private backyard \u2013 Fully fenced"", ""Smoke alarm"", ""Dedicated workspace"", ""Fireplace guards"", ""EV charger - level 2, tesla only"", ""Shower gel"", ""Hair dryer"", ""Hangers"", ""Dining table"", ""Conditioner"", ""Fire pit"", ""Portable fans"", ""Cleaning products"", ""Extra pillows and blankets"", ""Body soap"", ""First aid kit"", ""Coffee maker: Keurig coffee machine, pour-over coffee"", ""Babysitter recommendations"", ""Outdoor furniture"", ""Ethernet connection"", ""Beach essentials"", ""Books and reading material"", ""Outdoor dining area"", ""Freezer"", ""Barbecue utensils""]",t,f,$249.00,1,30,1.3,30.0,0,9,165,12,0,4.81,4.83,4.71,4.99,4.98,4.79,4.8,"STR-04545L, 631067",,0,"San Diego, CA",city scrape,
1785920,9372947,https://www.airbnb.com/rooms/1785920,2024-12-23,2013-10-11,2013-11-12,2024-12-02,Maria Helene,within a day,100%,91%,f,3,t,t,Old Town,32.75649,-117.18874,Entire guest suite,Entire home/apt,4,1 bath,1.0,1.0,"[""Wifi"", ""Toaster"", ""Dishes and silverware"", ""Carbon monoxide alarm"", ""TV"", ""Smoke alarm"", ""Drying rack for clothing"", ""Refrigerator"", ""Wine glasses"", ""Dedicated workspace"", ""Fire extinguisher"", ""Central heating"", ""Shared outdoor pool"", ""Free street parking"", ""Shared hot tub"", ""Patio or balcony"", ""Hair dryer"", ""Hangers"", ""Shampoo"", ""Private entrance"", ""Dining table"", ""Portable heater"", ""Cooking basics"", ""Fire pit"", ""Hot water kettle"", ""Bed linens"", ""Portable fans"", ""Mini fridge"", ""Microwave"", ""Essentials"", ""Extra pillows and blankets"", ""Backyard"", ""Iron"", ""First aid kit"", ""Outdoor furniture"", ""Pack \u2019n play/Travel crib"", ""BBQ grill"", ""Host greets you"", ""Beach essentials"", ""Kitchen"", ""Hot water"", ""Free parking on premises \u2013 1 space"", ""Outdoor dining area"", ""Coffee maker"", ""Clothing storage: closet"", ""Room-darkening shades"", ""Barbecue utensils""]",t,f,$249.00,2,21,2.0,21.0,20,346,175,14,1,4.85,4.87,4.9,4.92,4.86,4.96,4.75,"STR-03894L, 607301",,0,"San Diego, CA",city scrape,
4234318,21876314,https://www.airbnb.com/rooms/4234318,2024-12-23,2014-09-28,2014-10-21,2024-10-21,George,within an hour,89%,98%,f,9,t,t,Mission Bay,32.77685,-117.25248,Entire home,Entire home/apt,12,4 baths,4.0,8.0,"[""Wifi"", ""Dishes and silverware"", ""Keypad"", ""Carbon monoxide alarm"", ""Heating"", ""Stove"", ""Smoke alarm"", ""Refrigerator"", ""Dedicated workspace"", ""Fire extinguisher"", ""TV with standard cable"", ""Oven"", ""Free street parking"", ""Hair dryer"", ""Hangers"", ""Dishwasher"", ""Shampoo"", ""Cooking basics"", ""Fire pit"", ""Private patio or balcony"", ""Free parking on premises"", ""Microwave"", ""Essentials"", ""Iron"", ""Outdoor furniture"", ""BBQ grill"", ""Kitchen"", ""Hot water"", ""Outdoor dining area"", ""Coffee maker"", ""Hot tub"", ""Self check-in""]",t,f,$664.00,3,21,3.8,21.0,22,346,279,18,0,4.72,4.79,4.69,4.83,4.73,4.93,4.56,"STR-00498L, 602862",,0,"San Diego, CA",city scrape,
6811289,25500054,https://www.airbnb.com/rooms/6811289,2024-12-23,2015-01-02,2017-07-31,2023-08-14,Dan,,,33%,f,5,t,t,La Jolla,32.850747479009954,-117.25497934195369,Entire home,Entire home/apt,10,2.5 baths,4.0,5.0,"[""Wifi"", ""Dishes and silverware"", ""Carbon monoxide alarm"", ""Heating"", ""Stove"", ""Smoke alarm"", ""Refrigerator"", ""TV with standard cable"", ""Oven"", ""Dryer"", ""Free street parking"", ""Patio or balcony"", ""Hair dryer"", ""Hangers"", ""Dishwasher"", ""Indoor fireplace"", ""Cooking basics"", ""Free parking on premises"", ""Microwave"", ""Essentials"", ""Backyard"", ""Iron"", ""Host greets you"", ""Kitchen"", ""Washer"", ""Coffee maker"", ""Hot tub""]",t,f,$483.00,3,365,3.0,365.0,0,195,14,0,0,4.36,4.64,4.43,4.36,4.43,4.79,4.57,"STR-04951L, 615841",,0,"San Diego, CA",city scrape,
9546796,34225543,https://www.airbnb.com/rooms/9546796,2024-12-23,2015-05-25,,,Daphinne,within an hour,100%,96%,t,7,t,t,Mission Bay,32.76781,-117.25282,Entire condo,Entire home/apt,8,2 baths,3.0,4.0,"[""Wifi"", ""Carbon monoxide alarm"", ""Baby safety gates"", ""Heating"", ""Smoke alarm"", ""Clothing storage"", ""TV with standard cable"", ""Dryer"", ""Hair dryer"", ""Hangers"", ""Shampoo"", ""Conditioner"", ""Cooking basics"", ""Crib"", ""Bed linens"", ""Free parking on premises"", ""Extra pillows and blankets"", ""Body soap"", ""Smart lock"", ""Iron"", ""Outdoor furniture"", ""Pack \u2019n play/Travel crib"", ""BBQ grill"", ""Kitchen"", ""Washer"", ""Outdoor dining area"", ""Self check-in""]",t,f,$627.00,5,28,5.0,28.0,0,151,0,0,0,,,,,,,,"STR-02981L, 511490",,0,"San Diego, CA",city scrape,
12544563,38690778,https://www.airbnb.com/rooms/12544563,2024-12-23,2015-07-16,2016-05-12,2024-10-30,Bluewater Vacation Homes,within an hour,98%,100%,t,243,t,t,Mission Bay,32.78484,-117.25295,Entire condo,Entire home/apt,4,1 bath,2.0,3.0,"[""Wifi"", ""Toaster"", ""Dishes and silverware"", ""Carbon monoxide alarm"", ""Heating"", ""Smoke alarm"", ""Clothing storage"", ""Wine glasses"", ""Fire extinguisher"", ""TV with standard cable"", ""Dryer"", ""Free street parking"", ""Patio or balcony"", ""Hair dryer"", ""Hangers"", ""Dishwasher"", ""Blender"", ""Shampoo"", ""Private entrance"", ""Cooking basics"", ""Indoor fireplace: wood-burning"", ""Hot water kettle"", ""Microwave"", ""Waterfront"", ""Essentials"", ""Lockbox"", ""Iron"", ""First aid kit"", ""Baking sheet"", ""Kitchen"", ""Washer"", ""Coffee maker"", ""Self check-in"", ""Freezer""]",t,t,$297.00,1,1125,3.2,1125.0,13,322,37,16,0,4.84,4.86,4.81,4.86,4.92,5.0,4.65,"STR-03182L, 518887",,0,"San Diego, CA",city scrape,
14356214,67179654,https://www.airbnb.com/rooms/14356214,2024-12-23,2016-04-14,2016-08-09,2024-11-19,John,within an hour,97%,98%,f,36,t,t,Cortez Hill,32.7191,-117.15858,Entire rental unit,Entire home/apt,2,1 bath,0.0,1.0,"[""Wifi"", ""Keypad"", ""Carbon monoxide alarm"", ""Heating"", ""Luggage dropoff allowed"", ""Smoke alarm"", ""Coffee"", ""Dedicated workspace"", ""Fire extinguisher"", ""TV with standard cable"", ""Pets allowed"", ""Exterior security cameras on property"", ""Shower gel"", ""Hair dryer"", ""Hangers"", ""Shampoo"", ""Private entrance"", ""Conditioner"", ""Bed linens"", ""Mini fridge"", ""Microwave"", ""Cleaning products"", ""Essentials"", ""Extra pillows and blankets"", ""Body soap"", ""Iron"", ""First aid kit"", ""Outdoor furniture"", ""Paid parking off premises"", ""Paid washer \u2013 In building"", ""BBQ grill"", ""Air conditioning"", ""Hot water"", ""Outdoor dining area"", ""Shared backyard \u2013 Fully fenced"", ""Paid dryer \u2013 In building"", ""Coffee maker"", ""Self check-in""]",t,t,$66.00,1,21,2.8,21.0,3,3,419,37,0,4.68,4.79,4.76,4.88,4.88,4.69,4.67,Exempt,,0,"San Diego, CA",city scrape,
17009021,45300719,https://www.airbnb.com/rooms/17009021,2024-12-23,2015-09-28,2017-02-18,2024-11-29,Edith,within an hour,100%,80%,f,1,t,t,Kensington,32.77032,-117.10501,Entire guest suite,Entire home/apt,2,1 bath,1.0,1.0,"[""Safe"", ""Clothing storage: closet and dresser"", ""Wifi"", ""Toaster"", ""Dishes and silverware"", ""Long term stays allowed"", ""Pantene conditioner"", ""Carbon monoxide alarm"", ""Heating"", ""Luggage dropoff allowed"", ""Smoke alarm"", ""Courtyard view"", ""Refrigerator"", ""Wine glasses"", ""Dedicated workspace"", ""Fire extinguisher"", ""Garden view"", ""Oven"", ""Shower gel"", ""Free street parking"", ""Hair dryer"", ""Hangers"", ""Shampoo"", ""Private entrance"", ""38 inch HDTV"", ""Cooking basics"", ""Dove and others body soap"", ""Central air conditioning"", ""Bed linens"", ""Mini fridge"", ""Private patio or balcony"", ""Microwave"", ""Free parking on premises"", ""Breakfast"", ""Cleaning products"", ""Essentials"", ""Extra pillows and blankets"", ""Beach access \u2013 Beachfront"", ""Lockbox"", ""Iron"", ""Single level home"", ""First aid kit"", ""Outdoor furniture"", ""Pack \u2019n play/Travel crib"", ""Beach essentials"", ""Kitchen"", ""Hot water"", ""Outdoor dining area"", ""Coffee maker"", ""Self check-in"", ""Laundromat nearby""]",t,f,$79.00,3,90,3.0,90.0,0,37,173,2,1,4.98,4.99,5.0,5.0,4.99,4.99,4.96,"STR-06775L, 623661",,0,"San Diego, CA",city scrape,
19040263,125444529,https://www.airbnb.com/rooms/19040263,2024-12-23,2017-04-11,2017-07-03,2024-12-17,Cody,within an hour,100%,99%,t,59,t,t,North Hills,32.75307,-117.13182,Entire bungalow,Entire home/apt,2,1 bath,1.0,2.0,"[""Wifi"", ""Dishes and silverware"", ""Long term stays allowed"", ""Carbon monoxide alarm"", ""Heating"", ""TV"", ""Stove"", ""Smoke alarm"", ""Refrigerator"", ""Dedicated workspace"", ""Fire extinguisher"", ""Oven"", ""Free street parking"", ""Patio or balcony"", ""Hair dryer"", ""Hangers"", ""Shampoo"", ""Private entrance"", ""Cooking basics"", ""Bed linens"", ""Microwave"", ""Essentials"", ""Extra pillows and blankets"", ""Backyard"", ""Smart lock"", ""Iron"", ""Single level home"", ""BBQ grill"", ""Air conditioning"", ""Kitchen"", ""Hot water"", ""Coffee maker"", ""Self check-in""]",t,t,$116.00,2,90,2.0,1125.0,19,250,346,48,3,4.85,4.86,4.77,4.9,4.93,4.92,4.79,"STR-00253L, 620503",,0,"San Diego, CA",city scrape,
20918715,16635254,https://www.airbnb.com/rooms/20918715,2024-12-23,2014-06-10,2018-07-11,2024-12-14,Matias,within an hour,100%,100%,t,1,t,t,Balboa Park,32.71882,-117.1414,Entire guesthouse,Entire home/apt,3,1 bath,1.0,1.0,"[""City skyline view"", ""Clothing storage: closet and dresser"", ""Wifi"", ""Toaster"", ""Dishes and silverware"", ""Long term stays allowed"", ""Rice maker"", ""Keypad"", ""Carbon monoxide alarm"", ""Heating"", ""Luggage dropoff allowed"", ""Private backyard \u2013 Fully fenced"", ""Ceiling fan"", ""Courtyard view"", ""Drying rack for clothing"", ""Smoke alarm"", ""Refrigerator"", ""Coffee"", ""Wine glasses"", ""Dedicated workspace"", ""Free dryer \u2013 In unit"", ""Fire extinguisher"", ""Oven"", ""Shower gel"", ""Free street parking"", ""Hair dryer"", ""Hangers"", ""Shampoo"", ""Dr Bronners Lavender Castille Soap body soap"", ""Dining table"", ""Private entrance"", ""AC - split type ductless system"", ""Bathtub"", ""Cooking basics"", ""Hot water kettle"", ""Bed linens"", ""Portable fans"", ""Private patio or balcony"", ""Microwave"", ""Free parking on premises"", ""Cleaning products"", ""Essentials"", ""Extra pillows and blankets"", ""Iron"", ""First aid kit"", ""Outdoor furniture"", ""60 inch TV with Apple TV, Netflix"", ""Pack \u2019n play/Travel crib"", ""Free washer \u2013 In unit"", ""Baking sheet"", ""BBQ grill"", ""Kitchen"", ""Hot water"", ""Books and reading material"", ""Gas stove"", ""Coffee maker"", ""Self check-in"", ""Freezer"", ""Vegan, no animal testing conditioner"", ""Room-darkening shades"", ""Barbecue utensils""]",t,t,$109.00,1,1125,1.0,1125.0,11,39,463,74,2,4.87,4.91,4.8,4.94,4.91,4.93,4.87,"STR-00477L, 632765",,0,"San Diego, CA",city scrape,
22832433,16750396,https://www.airbnb.com/rooms/22832433,2024-12-23,2014-06-13,2018-02-23,2024-11-17,Eddie And Marv,within an hour,100%,74%,t,9,t,t,Pacific Beach,32.79263,-117.25199,Entire home,Entire home/apt,4,1 bath,1.0,2.0,"[""Wifi"", ""Dishes and silverware"", ""Long term stays allowed"", ""Keypad"", ""Carbon monoxide alarm"", ""Heating"", ""Stove"", ""Private backyard \u2013 Fully fenced"", ""Luggage dropoff allowed"", ""Smoke alarm"", ""Refrigerator"", ""Dedicated workspace"", ""Free dryer \u2013 In unit"", ""Oven"", ""Pets allowed"", ""Free street parking"", ""Hair dryer"", ""Hangers"", ""Shampoo"", ""Private entrance"", ""TV with Roku"", ""Cooking basics"", ""Bed linens"", ""Private patio or balcony"", ""Free parking on premises"", ""Microwave"", ""Essentials"", ""Extra pillows and blankets"", ""Beach access \u2013 Beachfront"", ""Iron"", ""BBQ grill"", ""Free washer \u2013 In unit"", ""Kitchen"", ""Hot water"", ""Coffee maker"", ""Self check-in""]",t,f,$320.00,2,1125,2.0,1125.0,22,353,176,27,0,4.89,4.91,4.85,4.98,4.97,4.94,4.74,"STR-04030L, 643423",,0,"Las Vegas, NV",city scrape,
25187324,50603993,https://www.airbnb.com/rooms/25187324,2024-12-23,2015-12-05,2018-06-14,2024-11-12,Penny Realty,within an hour,92%,97%,f,34,t,t,Mission Bay,32.76515,-117.25175,Entire townhouse,Entire home/apt,8,3 baths,3.0,,"[""Wifi"", ""Toaster"", ""Dishes and silverware"", ""HDTV with standard cable"", ""Keypad"", ""Carbon monoxide alarm"", ""Heating"", ""Stove"", ""Luggage dropoff allowed"", ""Bay view"", ""Ceiling fan"", ""Courtyard view"", ""Smoke alarm"", ""Clothing storage"", ""Refrigerator"", ""Dedicated workspace"", ""Free dryer \u2013 In unit"", ""Fire extinguisher"", ""Oven"", ""Shower gel"", ""Pocket wifi"", ""Indoor fireplace: gas"", ""Hair dryer"", ""Hangers"", ""Dishwasher"", ""Free street parking"", ""Shampoo"", ""Private entrance"", ""Dining table"", ""Conditioner"", ""Cooking basics"", ""Hot water kettle"", ""Private patio or balcony"", ""Free parking on premises"", ""Microwave"", ""Cleaning products"", ""Essentials"", ""Extra pillows and blankets"", ""Beach access \u2013 Beachfront"", ""Body soap"", ""Backyard"", ""Iron"", ""First aid kit"", ""BBQ grill"", ""Free washer \u2013 In unit"", ""Baking sheet"", ""Ethernet connection"", ""Kitchen"", ""Hot water"", ""Coffee maker"", ""Self check-in"", ""Freezer""]",t,t,,3,29,4.6,1125.0,5,12,38,18,0,4.42,4.47,4.47,4.66,4.71,4.89,4.34,"STR-02726L, 627923",,0,"San Diego, CA",previous scrape,
27801777,209932318,https://www.airbnb.com/rooms/27801777,2024-12-23,2018-08-16,2018-09-03,2024-12-08,Tara,within an hour,100%,100%,f,2,t,t,Normal Heights,32.762314,-117.117104,Entire guesthouse,Entire home/apt,3,1 bath,0.0,1.0,"[""Wifi"", ""Toaster"", ""Dishes and silverware"", ""Long term stays allowed"", ""Rice maker"", ""Carbon monoxide alarm"", ""Free dryer \u2013 In building"", ""Ceiling fan"", ""Smoke alarm"", ""Coffee"", ""Sun loungers"", ""Wine glasses"", ""Dedicated workspace"", ""Fire extinguisher"", ""Garden view"", ""Pets allowed"", ""Coffee maker: Keurig coffee machine, Nespresso, pour-over coffee"", ""Shower gel"", ""Free street parking"", ""Hair dryer"", ""Hangers"", ""Blender"", ""Shampoo"", ""Private entrance"", ""Conditioner"", ""Portable heater"", ""Cooking basics"", ""Fire pit"", ""Hot water kettle"", ""Board games"", ""Laundromat nearby"", ""Bed linens"", ""Portable fans"", ""Mini fridge"", ""Microwave"", ""Cleaning products"", ""Essentials"", ""Extra pillows and blankets"", ""HDTV with Fire TV, standard cable, Amazon Prime Video"", ""Body soap"", ""Iron"", ""First aid kit"", ""Piano"", ""Outdoor furniture"", ""Free washer \u2013 In unit"", ""Ethernet connection"", ""Host greets you"", ""Hot water"", ""Clothing storage: dresser"", ""Record player"", ""Exercise equipment: free weights, yoga mat"", ""Books and reading material"", ""Children\u2019s books and toys"", ""Shared backyard \u2013 Fully fenced"", ""Outdoor dining area"", ""BBQ grill: gas"", ""Shared patio or balcony"", ""Bread maker"", ""Sonos Bluetooth sound system"", ""Barbecue utensils""]",t,f,$205.00,1,90,1.1,1125.0,22,352,144,5,1,4.93,4.97,4.84,4.95,4.97,4.94,4.87,"STR-04296L, 636634",,0,"San Diego, CA",city scrape,
30690930,229726544,https://www.airbnb.com/rooms/30690930,2024-12-23,2018-12-08,2018-12-29,2024-12-15,James,within an hour,100%,100%,t,1,t,f,Mission Bay,32.78493,-117.25229,Entire home,Entire home/apt,7,2 baths,2.0,5.0,"[""Clothing storage: closet and dresser"", ""Wifi"", ""Toaster"", ""Dishes and silverware"", ""Rice maker"", ""Carbon monoxide alarm"", ""Heating"", ""Stove"", ""Private backyard \u2013 Fully fenced"", ""Luggage dropoff allowed"", ""Ceiling fan"", ""Smoke alarm"", ""Coffee maker: Keurig coffee machine"", ""Refrigerator"", ""Wine glasses"", ""Dedicated workspace"", ""Fire extinguisher"", ""Noise decibel monitors on property"", ""TV with standard cable"", ""Oven"", ""Exterior security cameras on property"", ""Hair dryer"", ""Hangers"", ""Dishwasher"", ""Blender"", ""Indoor fireplace"", ""Shampoo"", ""Private entrance"", ""Dining table"", ""Bathtub"", ""Cooking basics"", ""Crib"", ""Board games"", ""Hot water kettle"", ""Bed linens"", ""Portable fans"", ""Private patio or balcony"", ""Microwave"", ""Free parking on premises"", ""Cleaning products"", ""Essentials"", ""Extra pillows and blankets"", ""Body soap"", ""Smart lock"", ""Iron"", ""First aid kit"", ""Outdoor furniture"", ""BBQ grill"", ""Baking sheet"", ""Ethernet connection"", ""Air conditioning"", ""Kitchen"", ""Hot water"", ""Outdoor dining area"", ""Outdoor shower"", ""Self check-in"", ""Freezer"", ""Laundromat nearby"", ""Barbecue utensils""]",t,t,$295.00,2,1125,2.4,1125.0,17,338,209,21,4,4.82,4.87,4.72,4.96,4.97,4.95,4.77,"STR-01669L, 511070",,0,"San Diego, CA",city scrape,
33412999,13838079,https://www.airbnb.com/rooms/33412999,2024-12-23,2014-04-03,2019-05-26,2024-12-06,Victor,within an hour,100%,97%,f,7,t,t,City Heights West,32.74908,-117.11505,Entire bungalow,Entire home/apt,2,1 bath,1.0,2.0,"[""Free washer \u2013 In building"", ""Wifi"", ""Toaster"", ""Dishes and silverware"", ""Long term stays allowed"", ""Paid parking on premises"", ""Carbon monoxide alarm"", ""Free dryer \u2013 In building"", ""Portable air conditioning"", ""TV"", ""Private backyard \u2013 Fully fenced"", ""Ceiling fan"", ""Smoke alarm"", ""Coffee"", ""Refrigerator"", ""Wine glasses"", ""Dedicated workspace"", ""Fire extinguisher"", ""Oven"", ""Free driveway parking on premises \u2013 1 space"", ""Exterior security cameras on property"", ""Shower gel"", ""Free street parking"", ""Hair dryer"", ""Hangers"", ""Blender"", ""Shampoo"", ""Private entrance"", ""Dining table"", ""Conditioner"", ""Portable heater"", ""Cooking basics"", ""Clothing storage: closet, wardrobe, and dresser"", ""Hot water kettle"", ""Bed linens"", ""Portable fans"", ""Private patio or balcony"", ""Microwave"", ""Cleaning products"", ""Essentials"", ""Extra pillows and blankets"", ""Body soap"", ""Lockbox"", ""Iron"", ""Single level home"", ""First aid kit"", ""Outdoor furniture"", ""Baking sheet"", ""Ethernet connection"", ""Kitchen"", ""Hot water"", ""Gas stove"", ""Coffee maker"", ""Self check-in"", ""Freezer"", ""Room-darkening shades""]",t,t,$173.00,4,90,4.3,1125.0,10,79,34,2,1,4.53,4.53,4.65,4.79,4.91,4.47,4.5,"STR-03936L, 631364",,0,"San Diego, CA",city scrape,
35638874,51105162,https://www.airbnb.com/rooms/35638874,2024-12-23,2015-12-11,2019-07-03,2024-10-28,Luoluo,within an hour,100%,97%,f,3,t,t,East Village,32.71259,-117.15715,Entire loft,Entire home/apt,4,1 bath,1.0,,"[""Wifi"", ""Dishes and silverware"", ""Carbon monoxide alarm"", ""Heating"", ""TV"", ""Stove"", ""Smoke alarm"", ""Refrigerator"", ""Fire extinguisher"", ""Oven"", ""Dryer"", ""Patio or balcony"", ""Hair dryer"", ""Hangers"", ""Shampoo"", ""Private entrance"", ""Cooking basics"", ""Microwave"", ""Essentials"", ""Smart lock"", ""Iron"", ""First aid kit"", ""Air conditioning"", ""Kitchen"", ""Hot water"", ""Washer"", ""Coffee maker"", ""Self check-in""]",t,f,,30,1125,30.0,1125.0,1,26,126,5,0,4.83,4.93,4.79,4.97,4.99,4.86,4.8,"STR-02492L, 644764",,0,"San Diego, CA",previous scrape,
38101275,88585109,https://www.airbnb.com/rooms/38101275,2024-12-23,2016-08-07,2019-09-16,2024-11-13,Coldo,within an hour,100%,96%,t,23,t,t,North Hills,32.74365,-117.12767,Entire guesthouse,Entire home/apt,4,1 bath,1.0,2.0,"[""Wifi"", ""Dishes and silverware"", ""Keypad"", ""Children\u2019s dinnerware"", ""Carbon monoxide alarm"", ""Portable air conditioning"", ""Heating"", ""Smoke alarm"", ""Refrigerator"", ""Dedicated workspace"", ""Fire extinguisher"", ""Oven"", ""Exterior security cameras on property"", ""Free street parking"", ""Hair dryer"", ""Hangers"", ""Shampoo"", ""Private entrance"", ""Cooking basics"", ""Private patio or balcony"", ""Cleaning products"", ""Essentials"", ""Extra pillows and blankets"", ""Backyard"", ""Other gas stove"", ""Iron"", ""First aid kit"", ""Outdoor furniture"", ""Pack \u2019n play/Travel crib"", ""Kitchen"", ""Hot water"", ""44 inch HDTV with Amazon Prime Video, HBO Max, Hulu, Netflix"", ""Coffee maker"", ""Self check-in""]",t,f,$109.00,2,29,2.0,29.0,19,78,87,22,0,4.86,4.86,4.92,4.92,4.9,4.94,4.74,"STR-06834L, 645680",,0,"San Diego, CA",city scrape,
40949482,34531599,https://www.airbnb.com/rooms/40949482,2024-12-23,2015-05-29,2019-12-29,2024-09-23,Luis,within an hour,100%,99%,t,18,t,t,Roseville,32.73082,-117.22537,Entire rental unit,Entire home/apt,5,1 bath,2.0,4.0,"[""Housekeeping available 1 day a week - available at extra cost"", ""Wifi"", ""Toaster"", ""Dishes and silverware"", ""Long term stays allowed"", ""Keypad"", ""Children\u2019s dinnerware"", ""Carbon monoxide alarm"", ""Private backyard \u2013 Fully fenced"", ""Ceiling fan"", ""Smoke alarm"", ""Coffee"", ""Refrigerator"", ""Wine glasses"", ""Free dryer \u2013 In unit"", ""Fire extinguisher"", ""Oven"", ""Exterior security cameras on property"", ""Shower gel"", ""Free street parking"", ""Hair dryer"", ""Hangers"", ""Dishwasher"", ""Blender"", ""Shampoo"", ""Private entrance"", ""Conditioner"", ""AC - split type ductless system"", ""Portable heater"", ""Bathtub"", ""Cooking basics"", ""Fire pit"", ""Bed linens"", ""High chair"", ""Private patio or balcony"", ""Microwave"", ""Cleaning products"", ""Essentials"", ""Iron"", ""Single level home"", ""First aid kit"", ""Outdoor furniture"", ""BBQ grill"", ""Free washer \u2013 In unit"", ""Kitchen"", ""Hot water"", ""Gas stove"", ""Coffee maker"", ""Clothing storage: closet"", ""HDTV"", ""Pack \u2019n play/Travel crib - available upon request"", ""Self check-in"", ""Freezer"", ""Heating - split type ductless system"", ""Barbecue utensils""]",t,t,$155.00,3,1125,3.0,1125.0,18,148,161,36,0,4.94,4.92,4.96,4.97,4.95,4.86,4.88,"STR-02176L, 644640",,0,"San Diego, CA",city scrape,
43022545,3017970,https://www.airbnb.com/rooms/43022545,2024-12-23,2012-07-22,,,Surf Style,within a few hours,96%,42%,f,265,t,t,Mission Bay,32.77607,-117.25297,Entire condo,Entire home/apt,16,4 baths,5.0,,"[""Wifi"", ""Toaster"", ""Dishes and silverware"", ""Children\u2019s dinnerware"", ""Carbon monoxide alarm"", ""Heating"", ""Stove"", ""Smoke alarm"", ""Refrigerator"", ""Wine glasses"", ""TV with standard cable"", ""Oven"", ""Dryer"", ""Shower gel"", ""Hair dryer"", ""Hangers"", ""Dishwasher"", ""Shampoo"", ""Indoor fireplace"", ""Dining table"", ""Bathtub"", ""Hot water kettle"", ""Private patio or balcony"", ""Free parking on premises"", ""Microwave"", ""Waterfront"", ""Essentials"", ""Extra pillows and blankets"", ""Beach access \u2013 Beachfront"", ""Body soap"", ""Iron"", ""Ocean view"", ""BBQ grill"", ""Baking sheet"", ""Air conditioning"", ""Kitchen"", ""Hot water"", ""Washer"", ""Beach essentials"", ""Beach view"", ""Coffee maker"", ""Freezer"", ""Barbecue utensils""]",t,f,,3,365,3.0,365.0,11,214,0,0,0,,,,,,,,"STR-04850L, 51537",,0,"San Diego, CA",previous scrape,
44140264,38748145,https://www.airbnb.com/rooms/44140264,2024-12-23,2015-07-17,2020-08-31,2024-12-14,Carla Swan,within a few hours,100%,93%,,2,t,t,City Heights West,32.74716,-117.11359,Entire condo,Entire home/apt,5,2 baths,2.0,2.0,"[""Clothing storage: closet and dresser"", ""Toaster"", ""Dishes and silverware"", ""Long term stays allowed"", ""Carbon monoxide alarm"", ""Heating"", ""Stove"", ""Ceiling fan"", ""Smoke alarm"", ""Coffee"", ""Refrigerator"", ""Wine glasses"", ""Dedicated workspace"", ""Free dryer \u2013 In unit"", ""Fireplace guards"", ""Fire extinguisher"", ""Oven"", ""Bluetooth sound system"", ""Exterior security cameras on property"", ""Shower gel"", ""Free street parking"", ""Pets allowed"", ""Hair dryer"", ""Hangers"", ""Dishwasher"", ""Blender"", ""Shampoo"", ""Coffee maker: drip coffee maker, french press, Keurig coffee machine"", ""Private entrance"", ""Dining table"", ""Conditioner"", ""Bathtub"", ""Cooking basics"", ""Bidet"", ""Indoor fireplace: wood-burning"", ""Board games"", ""Hot water kettle"", ""55 inch HDTV with Amazon Prime Video, Chromecast, Disney+, HBO Max, Hulu, Netflix"", ""Bed linens"", ""Portable fans"", ""Private patio or balcony"", ""Microwave"", ""Free parking on premises"", ""Cleaning products"", ""Essentials"", ""Extra pillows and blankets"", ""Fast wifi \u2013 65 Mbps"", ""Body soap"", ""Smart lock"", ""Iron"", ""Single level home"", ""First aid kit"", ""BBQ grill"", ""Free washer \u2013 In unit"", ""Park view"", ""Ethernet connection"", ""Baking sheet"", ""Kitchen"", ""Hot water"", ""Self check-in"", ""Freezer"", ""Shared beach access"", ""Room-darkening shades"", ""Barbecue utensils""]",t,f,$145.00,14,95,14.0,95.0,17,239,39,11,2,4.85,4.82,4.62,4.92,4.95,4.56,4.82,"STR-02008L, 644820",,0,"San Diego, CA",city scrape,
45921290,349305737,https://www.airbnb.com/rooms/45921290,2024-12-23,2020-06-09,2020-11-22,2024-11-24,Peter,within an hour,100%,95%,f,5,t,t,Mira Mesa,32.92968,-117.14711,Entire home,Entire home/apt,8,2 baths,4.0,5.0,"[""Baby monitor"", ""Wifi"", ""Dishes and silverware"", ""Long term stays allowed"", ""Carbon monoxide alarm"", ""TV"", ""Heating"", ""Stove"", ""Private backyard \u2013 Fully fenced"", ""Ceiling fan"", ""Smoke alarm"", ""Refrigerator"", ""Baby bath"", ""Game console"", ""Dedicated workspace"", ""Fire extinguisher"", ""Oven"", ""Dryer"", ""Pets allowed"", ""Shower gel"", ""Free street parking"", ""Hair dryer"", ""Hangers"", ""Dishwasher"", ""Shampoo"", ""Indoor fireplace"", ""Conditioner"", ""Cooking basics"", ""Fire pit"", ""Crib"", ""Central air conditioning"", ""Bed linens"", ""Private patio or balcony"", ""Free parking on premises"", ""Microwave"", ""Essentials"", ""Extra pillows and blankets"", ""Lockbox"", ""Iron"", ""Single level home"", ""Outdoor furniture"", ""Babysitter recommendations"", ""Pack \u2019n play/Travel crib"", ""BBQ grill"", ""Beach essentials"", ""Kitchen"", ""Hot water"", ""Washer"", ""Children\u2019s books and toys"", ""Coffee maker"", ""Self check-in"", ""Freezer"", ""Laundromat nearby""]",t,f,$244.00,1,1125,1.0,1125.0,20,343,166,23,1,4.88,4.92,4.91,4.98,4.9,4.87,4.84,"STR-02764L, 643662",,0,"San Diego, CA",city scrape,
47819073,2327534,https://www.airbnb.com/rooms/47819073,2024-12-23,2012-05-09,2021-06-06,2023-07-23,James,,,38%,f,11,t,t,Mount Hope,32.71664,-117.10876,Entire guesthouse,Entire home/apt,4,1 bath,2.0,0.0,"[""City skyline view"", ""Clothing storage: closet and dresser"", ""Wifi"", ""Dishes and silverware"", ""Long term stays allowed"", ""Carbon monoxide alarm"", ""Private backyard \u2013 Fully fenced"", ""Smoke alarm"", ""Ceiling fan"", ""TV with Amazon Prime Video"", ""Oven"", ""Exterior security cameras on property"", ""Free street parking"", ""Patio or balcony"", ""Dishwasher"", ""Room-darkening shades"", ""Private entrance"", ""AC - split type ductless system"", ""Frigidaire  refrigerator"", ""Bathtub"", ""Microwave"", ""Lockbox"", ""Single level home"", ""Paid washer \u2013 In building"", ""Kitchen"", ""Hot water"", ""Radiant heating"", ""Gas stove"", ""Paid dryer \u2013 In building"", ""Free driveway parking on premises \u2013 2 spaces"", ""Self check-in"", ""Freezer"", ""Shared beach access"", ""Heating - split type ductless system""]",t,f,$164.00,2,1125,2.0,1125.0,28,268,9,0,0,4.22,4.22,4.22,4.56,4.56,3.89,4.33,"STR-06180L, 644656",,0,"San Diego, CA",city scrape,
49159053,341259760,https://www.airbnb.com/rooms/49159053,2024-12-23,2020-03-11,2022-03-03,2022-04-24,Marin,within an hour,100%,83%,t,37,t,t,East Village,32.71331,-117.15929,Private room in hostel,Private room,2,2 baths,1.0,1.0,"[""Safe"", ""Wifi"", ""Toaster"", ""Dishes and silverware"", ""Long term stays allowed"", ""Building staff"", ""Carbon monoxide alarm"", ""Heating"", ""Stove"", ""Luggage dropoff allowed"", ""Smoke alarm"", ""Ceiling fan"", ""Coffee"", ""Clothing storage"", ""Refrigerator"", ""Dedicated workspace"", ""Fire extinguisher"", ""Dryer"", ""Exterior security cameras on property"", ""Hair dryer"", ""Hangers"", ""Blender"", ""Dining table"", ""Cooking basics"", ""Hot water kettle"", ""Central air conditioning"", ""Bed linens"", ""Mini fridge"", ""Microwave"", ""Breakfast"", ""Cleaning products"", ""Essentials"", ""Extra pillows and blankets"", ""Iron"", ""First aid kit"", ""Paid parking off premises"", ""Paid washer \u2013 In building"", ""Baking sheet"", ""Kitchen"", ""Hot water"", ""Coffee maker"", ""Cleaning available during stay"", ""Self check-in"", ""Laundromat nearby""]",t,f,$131.00,1,28,1.0,28.0,27,88,3,0,0,4.67,4.67,4.0,4.67,4.67,4.33,4.0,Exempt,,10,"San Diego, CA",city scrape,
50246644,43158680,https://www.airbnb.com/rooms/50246644,2024-12-23,2015-09-02,2022-08-28,2024-12-08,Miho,within an hour,93%,100%,t,2,t,t,Midtown,32.7468178,-117.157564,Entire home,Entire home/apt,8,2.5 baths,3.0,6.0,"[""Wifi"", ""Dishes and silverware"", ""Children\u2019s dinnerware"", ""Carbon monoxide alarm"", ""Private backyard \u2013 Fully fenced"", ""Smoke alarm"", ""Coffee"", ""Refrigerator"", ""Wine glasses"", ""Dedicated workspace"", ""Free dryer \u2013 In unit"", ""Oven"", ""Central heating"", ""Exterior security cameras on property"", ""Shower gel"", ""55 inch HDTV with Netflix"", ""Free street parking"", ""Hair dryer"", ""Hangers"", ""Dishwasher"", ""Shampoo"", ""Private entrance"", ""Dining table"", ""Conditioner"", ""Trash compactor"", ""Bathtub"", ""Indoor fireplace: electric"", ""Cooking basics"", ""Crib"", ""Hot water kettle"", ""Bed linens"", ""Private patio or balcony"", ""Microwave"", ""Essentials"", ""Extra pillows and blankets"", ""Body soap"", ""Smart lock"", ""Iron"", ""Outdoor furniture"", ""Free washer \u2013 In unit"", ""Kitchen"", ""Hot water"", ""Outdoor dining area"", ""Coffee maker"", ""Clothing storage: closet"", ""Free driveway parking on premises \u2013 2 spaces"", ""Self check-in"", ""Freezer""]",t,f,$339.00,2,28,2.0,1095.2,17,65,134,46,4,4.88,4.9,4.9,4.87,4.97,4.77,4.75,"STR-04800L, 644792",,0,"San Diego, CA",city scrape,
51169105,137731627,https://www.airbnb.com/rooms/51169105,2024-12-23,2017-06-29,2021-08-01,2024-12-21,Sara,within an hour,100%,100%,f,5,t,f,Balboa Park,32.7287,-117.13211,Entire guesthouse,Entire home/apt,2,1 bath,0.0,1.0,"[""HDTV with Fire TV, standard cable, Netflix"", ""Wifi"", ""Toaster"", ""Dishes and silverware"", ""Coffee maker: drip coffee maker"", ""Long term stays allowed"", ""Carbon monoxide alarm"", ""Private backyard \u2013 Fully fenced"", ""Smoke alarm"", ""Ceiling fan"", ""Coffee"", ""Wine glasses"", ""Fire extinguisher"", ""Free driveway parking on premises \u2013 1 space"", ""Free street parking"", ""Hair dryer"", ""Hangers"", ""Blender"", ""Shampoo"", ""Private entrance"", ""Dining table"", ""AC - split type ductless system"", ""Cooking basics"", ""Hot water kettle"", ""Bed linens"", ""Mini fridge"", ""Private patio or balcony"", ""Microwave"", ""Cleaning products"", ""Essentials"", ""Extra pillows and blankets"", ""Single level home"", ""First aid kit"", ""Outdoor furniture"", ""Baking sheet"", ""Host greets you"", ""Kitchen"", ""Hot water"", ""Clothing storage: closet"", ""Freezer"", ""Laundromat nearby"", ""Heating - split type ductless system""]",t,f,$116.00,2,365,2.0,365.0,20,255,46,6,1,4.93,4.98,4.98,5.0,4.98,4.93,4.87,"STR-10136L, 642721",,0,"San Diego, CA",city scrape,
52513625,43349223,https://www.airbnb.com/rooms/52513625,2024-12-23,2015-09-04,2021-10-25,2024-12-13,Evan,within an hour,100%,100%,t,111,t,t,Del Mar Heights,32.93533,-117.2516,Entire home,Entire home/apt,9,5 baths,5.0,5.0,"[""Folding or convertible high chair - always at the listing"", ""Pack \u2019n play/Travel crib - always at the listing"", ""Wifi"", ""Toaster"", ""Dishes and silverware"", ""Coffee maker: drip coffee maker"", ""Keypad"", ""Miele induction stove"", ""Carbon monoxide alarm"", ""Smoke alarm"", ""Coffee"", ""Refrigerator"", ""Wine glasses"", ""Dedicated workspace"", ""Free dryer \u2013 In unit"", ""Fire extinguisher"", ""Central heating"", ""Clothing storage: walk-in closet, closet, and dresser"", ""Free street parking"", ""Indoor fireplace: gas"", ""Hair dryer"", ""Hangers"", ""Dishwasher"", ""Blender"", ""Shampoo"", ""Private entrance"", ""Dining table"", ""Conditioner"", ""Bathtub"", ""Cooking basics"", ""EV charger"", ""Bed linens"", ""Portable fans"", ""Private patio or balcony"", ""Microwave"", ""Cleaning products"", ""Essentials"", ""Extra pillows and blankets"", ""Body soap"", ""Iron"", ""Free residential garage on premises \u2013 1 space"", ""Ocean view"", ""First aid kit"", ""Outdoor furniture"", ""Free washer \u2013 In unit"", ""Baking sheet"", ""Beach essentials"", ""Kitchen"", ""Hot water"", ""Self check-in"", ""Books and reading material"", ""Outdoor dining area"", ""BBQ grill: gas"", ""Single oven"", ""Freezer"", ""Shared beach access"", ""Barbecue utensils"", ""55 inch HDTV with Hulu, Netflix""]",t,f,$701.00,2,28,2.0,1125.0,16,185,106,28,1,4.96,4.99,4.91,4.96,4.97,4.98,4.89,"STR-02611L, 641031",,0,"San Diego, CA",city scrape,
53528718,433054118,https://www.airbnb.com/rooms/53528718,2024-12-23,2021-11-22,2021-11-28,2024-11-06,Pahlevon,within an hour,100%,100%,t,26,t,t,Memorial,32.70109,-117.13541,Entire home,Entire home/apt,5,1 bath,2.0,3.0,"[""Toaster"", ""Dishes and silverware"", ""Coffee maker: drip coffee maker"", ""Long term stays allowed"", ""Keypad"", ""65 inch TV with Roku"", ""Carbon monoxide alarm"", ""Free driveway parking on premises \u2013 6 spaces"", ""Portable air conditioning"", ""Private backyard \u2013 Fully fenced"", ""Ceiling fan"", ""Smoke alarm"", ""Coffee"", ""Refrigerator"", ""Dedicated workspace"", ""Oven"", ""Dryer"", ""Central heating"", ""Exterior security cameras on property"", ""Pets allowed"", ""Patio or balcony"", ""Hair dryer"", ""Hangers"", ""Dishwasher"", ""Shampoo"", ""Private entrance"", ""Dining table"", ""Conditioner"", ""AC - split type ductless system"", ""Cooking basics"", ""Fire pit"", ""Crib"", ""Hot water kettle"", ""Bed linens"", ""Microwave"", ""Cleaning products"", ""Essentials"", ""Extra pillows and blankets"", ""Iron"", ""Single level home"", ""Outdoor furniture"", ""Pack \u2019n play/Travel crib"", ""Free washer \u2013 In unit"", ""Baking sheet"", ""Ethernet connection"", ""Kitchen"", ""Hot water"", ""Fast wifi \u2013 586 Mbps"", ""Gas stove"", ""Clothing storage: closet"", ""Self check-in"", ""Freezer"", ""Laundromat nearby"", ""Room-darkening shades""]",t,t,$179.00,4,180,4.1,1125.0,22,96,89,8,0,4.7,4.67,4.79,4.84,4.89,4.4,4.55,"STR-03659L, 645285",,0,"Temecula, CA",city scrape,
543433632710277552,8565289,https://www.airbnb.com/rooms/543433632710277552,2024-12-23,2013-09-01,2022-06-28,2023-08-11,Ewan,within a day,100%,40%,t,8,t,t,Scripps Ranch,32.90458,-117.102,Entire home,Entire home/apt,8,2.5 baths,5.0,5.0,"[""Wifi"", ""Toaster"", ""Dishes and silverware"", ""Private hot tub"", ""Rice maker"", ""Children\u2019s dinnerware"", ""Carbon monoxide alarm"", ""TV"", ""Heating"", ""Private backyard \u2013 Fully fenced"", ""Stainless steel oven"", ""Ceiling fan"", ""Smoke alarm"", ""Coffee maker: Keurig coffee machine"", ""Refrigerator"", ""Wine glasses"", ""Dedicated workspace"", ""Fire extinguisher"", ""Dryer"", ""Shower gel"", ""Ping pong table"", ""Patio or balcony"", ""Hair dryer"", ""Hangers"", ""Dishwasher"", ""Stainless steel stove"", ""Free street parking"", ""Shampoo"", ""Indoor fireplace"", ""Private entrance"", ""Conditioner"", ""Bathtub"", ""Cooking basics"", ""Fire pit"", ""Hot water kettle"", ""EV charger"", ""Bed linens"", ""Portable fans"", ""Free parking on premises"", ""Microwave"", ""Cleaning products"", ""Essentials"", ""Extra pillows and blankets"", ""Body soap"", ""Lockbox"", ""Pool view"", ""First aid kit"", ""Outdoor furniture"", ""BBQ grill"", ""Baking sheet"", ""Exercise equipment"", ""Air conditioning"", ""Kitchen"", ""Hot water"", ""Washer"", ""Private outdoor pool - available all year, open 24 hours, heated, pool cover, pool toys"", ""Children\u2019s books and toys"", ""Outdoor dining area"", ""Self check-in"", ""Freezer"", ""Barbecue utensils""]",t,f,$399.00,31,365,31.0,365.0,22,357,4,0,0,5.0,5.0,5.0,5.0,5.0,5.0,5.0,,,0,"Toronto, Canada",city scrape,
584288686031674744,172063558,https://www.airbnb.com/rooms/584288686031674744,2024-12-23,2018-02-06,2022-03-27,2024-12-21,Dalvin,within an hour,100%,100%,,4,t,t,Southcrest,32.6955,-117.11373,Entire home,Entire home/apt,10,2 baths,4.0,5.0,"[""Crib - available upon request"", ""Clothing storage: closet and dresser"", ""Pack \u2019n play/Travel crib - always at the listing"", ""Changing table - always at the listing"", ""Dishes and silverware"", ""Toaster"", ""Long term stays allowed"", ""Keypad"", ""Carbon monoxide alarm"", ""Luggage dropoff allowed"", ""Private backyard \u2013 Fully fenced"", ""Ceiling fan"", ""Smoke alarm"", ""Coffee maker: Keurig coffee machine"", ""Refrigerator"", ""Armana stainless steel gas stove"", ""Coffee"", ""Wine glasses"", ""Free dryer \u2013 In unit"", ""Fire extinguisher"", ""Fast wifi \u2013 290 Mbps"", ""Exterior security cameras on property"", ""Shower gel"", ""Free street parking"", ""Hair dryer"", ""Hangers"", ""Dishwasher"", ""LG sound bar and subwoofer Bluetooth sound system"", ""Blender"", ""Private entrance"", ""Dining table"", ""Trash compactor"", ""Portable heater"", ""Bathtub"", ""Cooking basics"", ""Fire pit"", ""Board games"", ""Bed linens"", ""High chair"", ""Portable fans"", ""Microwave"", ""Private patio or balcony"", ""Cleaning products"", ""Essentials"", ""Extra pillows and blankets"", ""Iron"", ""Single level home"", ""60 inch HDTV with Roku, standard cable"", ""Various shampoo"", ""First aid kit"", ""Armana stainless steel oven"", ""Outdoor furniture"", ""Various body soap"", ""Free washer \u2013 In unit"", ""Baking sheet"", ""Ethernet connection"", ""BBQ grill"", ""Beach essentials"", ""Kitchen"", ""Hot water"", ""Radiant heating"", ""Books and reading material"", ""Outdoor dining area"", ""Free driveway parking on premises \u2013 2 spaces"", ""Various conditioner"", ""Self check-in"", ""Freezer"", ""Laundromat nearby"", ""Room-darkening shades"", ""Barbecue utensils""]",t,f,$348.00,4,1125,2.5,1125.0,12,272,104,70,4,4.91,4.87,4.9,4.91,4.99,4.48,4.85,"STR-07855L, 649682",,0,"San Diego, CA",city scrape,
613224824626437585,10478904,https://www.airbnb.com/rooms/613224824626437585,2024-12-23,2013-12-07,2022-12-27,2024-12-16,Amir,within an hour,100%,100%,t,10,t,t,Midtown,32.7442,-117.151,Entire rental unit,Entire home/apt,3,1 bath,1.0,1.0,"[""Safe"", ""Wifi"", ""Toaster"", ""Dishes and silverware"", ""Long term stays allowed"", ""Pantene conditioner"", ""Carbon monoxide alarm"", ""Luggage dropoff allowed"", ""Stainless steel oven"", ""Ceiling fan"", ""Smoke alarm"", ""Coffee maker: Keurig coffee machine"", ""Refrigerator"", ""Coffee"", ""Stainless steel gas stove"", ""Wine glasses"", ""Dedicated workspace"", ""Free dryer \u2013 In unit"", ""Fire extinguisher"", ""Shared backyard \u2013 Not fully fenced"", ""Pantene shampoo"", ""Life size games"", ""Shower gel"", ""55 inch HDTV with Amazon Prime Video, Apple TV, Hulu, Netflix"", ""Ping pong table"", ""Hair dryer"", ""Hangers"", ""Kirkland body soap"", ""Heating - split type ductless system"", ""Exterior security cameras on property"", ""Dishwasher"", ""Free street parking"", ""AC - split type ductless system"", ""Cooking basics"", ""Fire pit"", ""Hot water kettle"", ""Board games"", ""EV charger"", ""Bed linens"", ""Private patio or balcony"", ""Free parking on premises"", ""Microwave"", ""Private gym in building"", ""Cleaning products"", ""Essentials"", ""Extra pillows and blankets"", ""Lockbox"", ""Iron"", ""First aid kit"", ""Outdoor furniture"", ""Free washer \u2013 In unit"", ""Ethernet connection"", ""Exercise equipment"", ""Kitchen"", ""Hot water"", ""Outdoor dining area"", ""Outdoor shower"", ""BBQ grill: gas"", ""Clothing storage: closet"", ""Pack \u2019n play/Travel crib - available upon request"", ""Self check-in"", ""Window guards"", ""Freezer"", ""Room-darkening shades"", ""Barbecue utensils""]",t,f,$143.00,1,365,1.0,1125.0,24,359,125,40,5,4.98,4.98,4.94,4.97,5.0,4.97,4.93,"STR-09012L, 632321",,0,"San Diego, CA",city scrape,
634656481564801336,38690778,https://www.airbnb.com/rooms/634656481564801336,2024-12-23,2015-07-16,2022-10-10,2024-10-27,Bluewater Vacation Homes,within an hour,98%,100%,t,243,t,t,La Jolla,32.8293,-117.27799,Entire home,Entire home/apt,8,2.5 baths,3.0,4.0,"[""Wifi"", ""Toaster"", ""Dishes and silverware"", ""Carbon monoxide alarm"", ""Heating"", ""Smoke alarm"", ""Clothing storage"", ""Wine glasses"", ""Fire extinguisher"", ""TV with standard cable"", ""Dryer"", ""Free street parking"", ""Patio or balcony"", ""Hair dryer"", ""Hangers"", ""Dishwasher"", ""Blender"", ""Shampoo"", ""Private entrance"", ""Bathtub"", ""Cooking basics"", ""Indoor fireplace: wood-burning"", ""Hot water kettle"", ""Free parking on premises"", ""Microwave"", ""Essentials"", ""Smart lock"", ""Iron"", ""First aid kit"", ""BBQ grill"", ""Baking sheet"", ""Air conditioning"", ""Kitchen"", ""Washer"", ""Coffee maker"", ""Self check-in"", ""Freezer""]",t,t,$908.00,1,1125,3.4,1125.0,19,281,13,4,0,5.0,5.0,4.92,5.0,5.0,5.0,4.92,"STR-02569L, 617841",,0,"San Diego, CA",city scrape,
659468403772869458,20666876,https://www.airbnb.com/rooms/659468403772869458,2024-12-23,2014-08-28,2022-09-18,2024-11-26,Karl,within an hour,100%,98%,t,2,t,t,Pacific Beach,32.80548,-117.25467,Entire condo,Entire home/apt,4,1.5 baths,2.0,2.0,"[""Wifi"", ""Dishes and silverware"", ""Long term stays allowed"", ""Rice maker"", ""Keypad"", ""Carbon monoxide alarm"", ""TV"", ""Heating"", ""Stove"", ""Luggage dropoff allowed"", ""Ceiling fan"", ""Smoke alarm"", ""Drying rack for clothing"", ""Clothing storage"", ""Refrigerator"", ""Coffee"", ""Wine glasses"", ""Dedicated workspace"", ""Oven"", ""Dryer"", ""Exterior security cameras on property"", ""Free street parking"", ""Hair dryer"", ""Hangers"", ""Dishwasher"", ""Blender"", ""Indoor fireplace"", ""Shampoo"", ""Private entrance"", ""Dining table"", ""Conditioner"", ""Bathtub"", ""Cooking basics"", ""Hot water kettle"", ""Board games"", ""Portable fans"", ""Private patio or balcony"", ""Microwave"", ""Essentials"", ""Extra pillows and blankets"", ""Beach access \u2013 Beachfront"", ""Body soap"", ""Iron"", ""BBQ grill"", ""Free washer \u2013 In unit"", ""Baking sheet"", ""Kitchen"", ""Hot water"", ""Coffee maker"", ""Self check-in"", ""Freezer"", ""Laundromat nearby"", ""Room-darkening shades"", ""Free carport on premises \u2013 1 space""]",t,f,$106.00,2,29,2.0,29.0,1,8,66,43,1,4.86,4.85,4.65,4.97,4.91,4.94,4.73,"STR-10603L, 646358",,0,"San Diego, CA",city scrape,
679000043282958190,13756650,https://www.airbnb.com/rooms/679000043282958190,2024-12-23,2014-03-31,2022-10-19,2023-05-07,Adam,,,,f,3,t,t,Marina,32.7111,-117.16219,Entire rental unit,Entire home/apt,4,1 bath,1.0,1.0,"[""Stainless steel electric stove"", ""Toaster"", ""Dishes and silverware"", ""Carbon monoxide alarm"", ""Stainless steel oven"", ""Smoke alarm"", ""Ceiling fan"", ""Coffee maker: Keurig coffee machine"", ""Refrigerator"", ""Coffee"", ""Wine glasses"", ""Dedicated workspace"", ""Central heating"", ""Exterior security cameras on property"", ""Shared hot tub"", ""Hangers"", ""Dishwasher"", ""Blender"", ""Shampoo"", ""Dining table"", ""Conditioner"", ""Bathtub"", ""Fast wifi \u2013 99 Mbps"", ""Cooking basics"", ""Shared pool - available all year"", ""Central air conditioning"", ""Bed linens"", ""Private patio or balcony"", ""Microwave"", ""Cleaning products"", ""Essentials"", ""Extra pillows and blankets"", ""Dr. Bronner body soap"", ""Lockbox"", ""Iron"", ""Free residential garage on premises \u2013 1 space"", ""First aid kit"", ""Outdoor furniture"", ""Baking sheet"", ""Kitchen"", ""Hot water"", ""Elevator"", ""Clothing storage: closet"", ""HDTV"", ""Self check-in"", ""Freezer"", ""Room-darkening shades""]",t,f,$158.00,31,1125,31.0,1125.0,22,82,35,0,0,4.86,4.86,4.91,4.23,5.0,4.91,4.74,,,0,"Washington, DC",city scrape,
700775492060276739,137219742,https://www.airbnb.com/rooms/700775492060276739,2024-12-23,2017-06-27,2023-03-18,2024-04-01,Amy,within an hour,100%,75%,t,1,t,t,North City,32.95511,-117.23391,Entire condo,Entire home/apt,4,1 bath,1.0,3.0,"[""Safe"", ""Wifi"", ""Toaster"", ""Dishes and silverware"", ""Coffee maker: drip coffee maker"", ""Long term stays allowed"", ""Keypad"", ""Carbon monoxide alarm"", ""TV"", ""Stove"", ""Free carport on premises"", ""Smoke alarm"", ""Coffee"", ""Sun loungers"", ""Clothing storage"", ""Refrigerator"", ""Wine glasses"", ""Dedicated workspace"", ""Fire extinguisher"", ""Oven"", ""Washer \u2013\u00a0In unit"", ""Central heating"", ""Shower gel"", ""Shared hot tub"", ""Dryer \u2013\u00a0In unit"", ""Hair dryer"", ""Hangers"", ""Indoor fireplace: gas"", ""Dishwasher"", ""Blender"", ""Shampoo"", ""Private entrance"", ""Dining table"", ""Conditioner"", ""Bathtub"", ""Cooking basics"", ""Gym"", ""Bed linens"", ""Private patio or balcony"", ""Microwave"", ""Cleaning products"", ""Essentials"", ""Body soap"", ""Outdoor furniture"", ""Baking sheet"", ""Exercise equipment"", ""Air conditioning"", ""Kitchen"", ""Hot water"", ""Self check-in"", ""Freezer"", ""Shared pool"", ""Room-darkening shades""]",t,f,$116.00,31,365,31.0,365.0,21,189,6,2,0,5.0,5.0,5.0,4.67,5.0,5.0,4.5,Exempt,,0,"San Diego, CA",city scrape,
735407707150227760,515551944,https://www.airbnb.com/rooms/735407707150227760,2024-12-23,2023-05-19,2022-11-13,2024-11-02,Scott,,,,f,72,t,t,Ocean Beach,32.751028,-117.243946,Entire home,Entire home/apt,3,1 bath,0.0,2.0,"[""Free washer \u2013 In building"", ""Wifi"", ""Toaster"", ""Dishes and silverware"", ""Long term stays allowed"", ""Carbon monoxide alarm"", ""Free dryer \u2013 In building"", ""Luggage dropoff allowed"", ""Ceiling fan"", ""Courtyard view"", ""Smoke alarm"", ""Refrigerator"", ""Coffee maker: Keurig coffee machine"", ""Coffee"", ""Wine glasses"", ""Fire extinguisher"", ""Window AC unit"", ""Free driveway parking on premises \u2013 1 space"", ""Pets allowed"", ""Exterior security cameras on property"", ""Free street parking"", ""Hair dryer"", ""Hangers"", ""Shampoo"", ""Private entrance"", ""Dining table"", ""Conditioner"", ""Portable heater"", ""Bathtub"", ""50 inch HDTV with Fire TV"", ""Cooking basics"", ""Bed linens"", ""Microwave"", ""Cleaning products"", ""Essentials"", ""Extra pillows and blankets"", ""Other induction stove"", ""Body soap"", ""Lockbox"", ""First aid kit"", ""Outdoor furniture"", ""Ethernet connection"", ""Beach essentials"", ""Kitchen"", ""Hot water"", ""Outdoor dining area"", ""Outdoor shower"", ""Shared backyard \u2013 Fully fenced"", ""BBQ grill: gas"", ""Shared patio or balcony"", ""Clothing storage: closet"", ""Pack \u2019n play/Travel crib - available upon request"", ""Self check-in"", ""Freezer"", ""Shared beach access"", ""Laundromat nearby"", ""Barbecue utensils""]",t,t,$119.00,31,365,31.0,365.0,0,227,43,2,0,4.91,4.93,4.93,4.95,4.95,4.95,4.7,"STR-04445L, 644239",,0,"San Diego, CA",city scrape,
760104544196168751,17179248,https://www.airbnb.com/rooms/760104544196168751,2024-12-23,2014-06-24,2023-02-24,2024-08-03,Michael,within an hour,100%,74%,t,3,t,t,Bay Park,32.80291,-117.21215,Entire home,Entire home/apt,4,2 baths,3.0,3.0,"[""City skyline view"", ""Wifi"", ""Toaster"", ""Dishes and silverware"", ""Long term stays allowed"", ""Keypad"", ""Carbon monoxide alarm"", ""Heating"", ""Stove"", ""Luggage dropoff allowed"", ""Bay view"", ""Smoke alarm"", ""Courtyard view"", ""Coffee"", ""Clothing storage"", ""Refrigerator"", ""Wine glasses"", ""Dedicated workspace"", ""Fire extinguisher"", ""Garden view"", ""TV with standard cable"", ""Oven"", ""Dryer"", ""Exterior security cameras on property"", ""Free street parking"", ""Patio or balcony"", ""Hair dryer"", ""Hangers"", ""Coffee maker: drip coffee maker, french press, Keurig coffee machine"", ""Private entrance"", ""Dining table"", ""Conditioner"", ""Cooking basics"", ""Hot water kettle"", ""Bed linens"", ""Free parking on premises"", ""Microwave"", ""Cleaning products"", ""Essentials"", ""Extra pillows and blankets"", ""Beach access \u2013 Beachfront"", ""Backyard"", ""Iron"", ""Ocean view"", ""Outdoor furniture"", ""BBQ grill"", ""Ethernet connection"", ""Air conditioning"", ""Kitchen"", ""Hot water"", ""Washer"", ""Outdoor dining area"", ""Self check-in"", ""Freezer"", ""Laundromat nearby""]",t,f,$391.00,7,21,10.0,21.0,19,168,7,4,0,5.0,4.71,5.0,5.0,5.0,4.86,5.0,"STR-06464L, 643737",,0,,city scrape,
786314908091436836,73973311,https://www.airbnb.com/rooms/786314908091436836,2024-12-23,2016-05-25,2023-07-14,2024-12-20,Brandon,within an hour,86%,100%,f,29,t,t,Mission Bay,32.78910357947673,-117.2359749883564,Entire rental unit,Entire home/apt,3,1 bath,1.0,,"[""City skyline view"", ""Safe"", ""Wifi"", ""Dishes and silverware"", ""Coffee maker: drip coffee maker"", ""Keypad"", ""Carbon monoxide alarm"", ""TV"", ""Bay view"", ""Ceiling fan"", ""Smoke alarm"", ""Stainless steel oven"", ""Clothing storage"", ""Refrigerator"", ""Stainless steel gas stove"", ""Wine glasses"", ""Free driveway parking on premises \u2013 1 space"", ""Pets allowed"", ""Shower gel"", ""Hair dryer"", ""Hangers"", ""Dishwasher"", ""Shampoo"", ""Dining table"", ""Conditioner"", ""AC - split type ductless system"", ""Bathtub"", ""Cooking basics"", ""Fire pit"", ""Bed linens"", ""Microwave"", ""Essentials"", ""Body soap"", ""Iron"", ""First aid kit"", ""Paid washer \u2013 In building"", ""Baking sheet"", ""Kitchen"", ""Hot water"", ""Outdoor dining area"", ""Beach view"", ""Paid dryer \u2013 In building"", ""Self check-in"", ""Freezer"", ""Shared beach access"", ""Heating - split type ductless system""]",t,t,,3,365,3.0,365.0,24,166,48,33,2,4.75,4.75,4.85,4.98,4.88,4.63,4.71,"STR-05565L, 643630",,0,"San Diego, CA",previous scrape,
815943714180683051,114540940,https://www.airbnb.com/rooms/815943714180683051,2024-12-23,2017-02-02,2023-07-18,2024-08-04,All Seasons Resort Lodging,within an hour,98%,100%,f,368,t,t,Pacific Beach,32.80036138129927,-117.2583002625656,Entire condo,Entire home/apt,4,1 bath,1.0,2.0,"[""Clothing storage: closet and dresser"", ""Wifi"", ""Stainless steel electric stove"", ""Toaster"", ""Dishes and silverware"", ""Coffee maker: drip coffee maker"", ""Shared hot tub - available all year, open specific hours"", ""Carbon monoxide alarm"", ""Smoke alarm"", ""Coffee"", ""Refrigerator"", ""Wine glasses"", ""Dedicated workspace"", ""Fire extinguisher"", ""Stainless steel single oven"", ""Shared outdoor pool - available all year, open specific hours"", ""TV with standard cable"", ""Central heating"", ""Shower gel"", ""Hair dryer"", ""Hangers"", ""Dishwasher"", ""Shampoo"", ""Dining table"", ""Conditioner"", ""Free parking garage on premises \u2013 1 space"", ""Cooking basics"", ""Shared beach access \u2013 Beachfront"", ""Bed linens"", ""Private patio or balcony"", ""Microwave"", ""Waterfront"", ""Cleaning products"", ""Essentials"", ""Extra pillows and blankets"", ""Body soap"", ""Lockbox"", ""Iron"", ""Ocean view"", ""Baking sheet"", ""Beach essentials"", ""Kitchen"", ""Elevator"", ""Self check-in"", ""Freezer""]",t,t,"$11,998.00",1,1125,3.2,1116.4,10,283,5,2,0,4.8,5.0,5.0,4.4,4.8,5.0,4.8,"STR-00068L, 51704",,0,"Park City, UT",city scrape,
840858911397098483,346394298,https://www.airbnb.com/rooms/840858911397098483,2024-12-23,2020-05-15,2023-05-08,2024-08-23,The Coastal Project,within an hour,100%,100%,f,88,t,t,La Jolla,32.8265111,-117.2740916,Entire home,Entire home/apt,5,1 bath,2.0,2.0,"[""Wifi"", ""Dishes and silverware"", ""Long term stays allowed"", ""Carbon monoxide alarm"", ""Heating"", ""TV"", ""Stove"", ""Smoke alarm"", ""Refrigerator"", ""Dedicated workspace"", ""Fire extinguisher"", ""Noise decibel monitors on property"", ""Oven"", ""Dryer"", ""Free street parking"", ""Patio or balcony"", ""Hair dryer"", ""Shampoo"", ""Private entrance"", ""Cooking basics"", ""Bed linens"", ""Free parking on premises"", ""Microwave"", ""Essentials"", ""Extra pillows and blankets"", ""Backyard"", ""Smart lock"", ""Single level home"", ""BBQ grill"", ""Air conditioning"", ""Kitchen"", ""Hot water"", ""Washer"", ""Coffee maker"", ""Self check-in""]",t,t,$282.00,3,45,6.4,45.0,10,242,20,8,0,4.65,4.55,4.55,4.7,4.75,4.8,4.55,"STR-01425L, 643598",,0,"San Diego, CA",city scrape,
855755906196558667,248652484,https://www.airbnb.com/rooms/855755906196558667,2024-12-23,2019-03-13,,,Silver Star,,,,f,1,t,t,East Village,32.71370838829902,-117.15388223159196,Entire rental unit,Entire home/apt,16,1 bath,5.0,11.0,"[""Fire extinguisher"", ""Air conditioning"", ""Kitchen"", ""Washer"", ""Wifi"", ""Self check-in"", ""Exterior security cameras on property"", ""Keypad"", ""Carbon monoxide alarm"", ""TV"", ""First aid kit"", ""Smoke alarm""]",t,f,"$1,000.00",31,365,31.0,365.0,30,90,0,0,0,,,,,,,,,,0,,city scrape,
876098584771970668,390706460,https://www.airbnb.com/rooms/876098584771970668,2024-12-23,2021-03-01,2023-05-20,2024-12-16,Jay,within an hour,100%,100%,,51,t,t,East Village,32.71178,-117.14984,Entire rental unit,Entire home/apt,4,1 bath,1.0,2.0,"[""City skyline view"", ""Toaster"", ""Dishes and silverware"", ""Long term stays allowed"", ""Carbon monoxide alarm"", ""Heating"", ""TV"", ""Stove"", ""Luggage dropoff allowed"", ""Smoke alarm"", ""Coffee"", ""Coffee maker: Keurig coffee machine"", ""Clothing storage"", ""Refrigerator"", ""Wine glasses"", ""Dedicated workspace"", ""Free dryer \u2013 In unit"", ""Fire extinguisher"", ""Oven"", ""Exterior security cameras on property"", ""Hair dryer"", ""Hangers"", ""Dishwasher"", ""Shampoo"", ""Dining table"", ""Conditioner"", ""AC - split type ductless system"", ""Bathtub"", ""Cooking basics"", ""Hot water kettle"", ""Bed linens"", ""Microwave"", ""Cleaning products"", ""Essentials"", ""Body soap"", ""Smart lock"", ""Iron"", ""Fast wifi \u2013 433 Mbps"", ""Paid parking on premises \u2013 5 spaces"", ""First aid kit"", ""Outdoor furniture"", ""BBQ grill"", ""Baking sheet"", ""Kitchen"", ""Hot water"", ""Washer"", ""Elevator"", ""Cleaning available during stay"", ""Self check-in"", ""Room-darkening shades"", ""Barbecue utensils""]",t,t,$114.00,2,365,2.0,365.0,22,324,63,39,2,4.75,4.75,4.7,4.87,4.89,4.56,4.67,"STR-08002L, 635350",,0,"San Diego, CA",city scrape,
894502505069855597,512697806,https://www.airbnb.com/rooms/894502505069855597,2024-12-23,2023-05-01,2023-06-24,2024-12-14,Alexander Brae,within an hour,100%,99%,t,5,t,t,Bario Logan,32.69382996997817,-117.13837745366756,Entire rental unit,Entire home/apt,4,1 bath,1.0,2.0,"[""Baby bath - available upon request"", ""Clothing storage: closet and dresser"", ""75 inch HDTV with Amazon Prime Video, Chromecast, HBO Max, Hulu, Netflix"", ""Wifi"", ""Toaster"", ""Dishes and silverware"", ""Long term stays allowed"", ""Children\u2019s dinnerware"", ""Carbon monoxide alarm"", ""Free dryer \u2013 In building"", ""Luggage dropoff allowed"", ""Bay view"", ""Ceiling fan"", ""Smoke alarm"", ""Drying rack for clothing"", ""Whirlpool refrigerator"", ""Coffee maker: Keurig coffee machine"", ""Stainless steel gas stove"", ""Wine glasses"", ""Dedicated workspace"", ""Fire extinguisher"", ""Coffee"", ""Sun loungers"", ""Whirlpool stainless steel single oven"", ""Heating - split type ductless system"", ""Exterior security cameras on property"", ""Shower gel"", ""Free street parking"", ""Hair dryer"", ""Hangers"", ""Dishwasher"", ""Blender"", ""Shampoo"", ""Private entrance"", ""Dining table"", ""Conditioner"", ""AC - split type ductless system"", ""Cooking basics"", ""Crib"", ""Hot water kettle"", ""Bed linens"", ""High chair"", ""Free parking on premises"", ""Microwave"", ""Cleaning products"", ""Essentials"", ""Extra pillows and blankets"", ""Body soap"", ""Smart lock"", ""Iron"", ""First aid kit"", ""Outdoor furniture"", ""Pack \u2019n play/Travel crib"", ""Free washer \u2013 In unit"", ""Baking sheet"", ""BBQ grill"", ""Beach essentials"", ""Kitchen"", ""Hot water"", ""Outdoor dining area"", ""Shared patio or balcony"", ""Cleaning available during stay"", ""Self check-in"", ""Freezer"", ""Laundromat nearby"", ""Room-darkening shades"", ""Barbecue utensils""]",t,t,$145.00,2,365,2.0,1125.0,15,160,35,27,1,4.91,4.86,4.94,4.97,4.89,4.51,4.89,"STR-03053L, 644935",,0,,city scrape,
913227689895743848,2772383,https://www.airbnb.com/rooms/913227689895743848,2024-12-23,2012-06-28,2023-07-16,2024-09-29,San Diego,within an hour,98%,99%,f,103,t,t,La Jolla,32.83328,-117.2762,Entire home,Entire home/apt,6,2 baths,3.0,4.0,"[""Wifi"", ""Dishes and silverware"", ""Long term stays allowed"", ""Keypad"", ""Heating"", ""TV"", ""Stove"", ""Smoke alarm"", ""Refrigerator"", ""Fire extinguisher"", ""Oven"", ""Dryer"", ""Pets allowed"", ""Free street parking"", ""Hair dryer"", ""Hangers"", ""Dishwasher"", ""Shampoo"", ""Private entrance"", ""Bathtub"", ""Cooking basics"", ""Bed linens"", ""Free parking on premises"", ""Microwave"", ""Essentials"", ""Backyard"", ""Iron"", ""Single level home"", ""First aid kit"", ""BBQ grill"", ""Air conditioning"", ""Kitchen"", ""Hot water"", ""Washer"", ""Beach essentials"", ""Coffee maker"", ""Self check-in""]",t,t,$466.00,3,365,3.9,999.0,8,338,7,5,0,4.57,5.0,4.86,5.0,4.43,4.86,4.29,"STR-02424L, 631246",,0,"San Diego, CA",city scrape,
934024705124242497,168245448,https://www.airbnb.com/rooms/934024705124242497,2024-12-23,2018-01-16,2023-10-16,2024-07-28,Denise,within an hour,100%,94%,t,1,t,t,Mira Mesa,32.909905,-117.1324672,Entire home,Entire home/apt,6,1.5 baths,2.0,4.0,"[""Wifi"", ""Stainless steel electric stove"", ""Toaster"", ""Dishes and silverware"", ""Long term stays allowed"", ""Rice maker"", ""Keypad"", ""Clothing storage: walk-in closet and closet"", ""Children\u2019s dinnerware"", ""Carbon monoxide alarm"", ""Coffee maker: drip coffee maker, pour-over coffee"", ""TV"", ""Private backyard \u2013 Fully fenced"", ""Ceiling fan"", ""Smoke alarm"", ""Coffee"", ""Wine glasses"", ""Dedicated workspace"", ""Free dryer \u2013 In unit"", ""Heating - split type ductless system"", ""Exterior security cameras on property"", ""Shower gel"", ""Free street parking"", ""Pets allowed"", ""Hair dryer"", ""Hangers"", ""Dishwasher"", ""Shampoo"", ""Dining table"", ""Conditioner"", ""Cooking basics"", ""Crib"", ""Hot water kettle"", ""Whirlpool  stainless steel oven"", ""Bed linens"", ""Children\u2019s books and toys for ages 2-5 years old"", ""Microwave"", ""Cleaning products"", ""Essentials"", ""Extra pillows and blankets"", ""Body soap"", ""Sound system"", ""Iron"", ""Single level home"", ""First aid kit"", ""Outdoor furniture"", ""BBQ grill"", ""Air conditioning"", ""Kitchen"", ""Hot water"", ""Washer"", ""Whirlpool with filtered water and ice maker.  refrigerator"", ""Cleaning available during stay"", ""Self check-in"", ""Freezer"", ""Room-darkening shades""]",t,f,$139.00,1,90,1.0,90.0,17,219,29,22,0,4.9,4.76,4.83,4.86,5.0,4.86,4.76,"STR-08962L, 650838",,0,"San Diego, CA",city scrape,
955917126398843314,499662709,https://www.airbnb.com/rooms/955917126398843314,2024-12-23,2023-02-05,2024-01-30,2024-12-22,Coast Vacation Homes,within an hour,100%,99%,t,103,t,t,La Jolla,32.8327462,-117.2757254,Entire home,Entire home/apt,8,3 baths,4.0,5.0,"[""Toaster"", ""Dishes and silverware"", ""Long term stays allowed"", ""Keypad"", ""Children\u2019s dinnerware"", ""Carbon monoxide alarm"", ""Heating"", ""Fast wifi \u2013 364 Mbps"", ""Stove"", ""Ceiling fan"", ""Smoke alarm"", ""Coffee"", ""Clothing storage"", ""Refrigerator"", ""Wine glasses"", ""Dedicated workspace"", ""Fire extinguisher"", ""TV with standard cable"", ""Oven"", ""Dryer"", ""Exterior security cameras on property"", ""Shower gel"", ""Free street parking"", ""Patio or balcony"", ""Hair dryer"", ""Hangers"", ""Dishwasher"", ""Blender"", ""Pets allowed"", ""Shampoo"", ""Private entrance"", ""Dining table"", ""Conditioner"", ""Cooking basics"", ""Fire pit"", ""Hot water kettle"", ""Portable fans"", ""Free parking on premises"", ""Microwave"", ""Cleaning products"", ""Essentials"", ""Extra pillows and blankets"", ""Beach access \u2013 Beachfront"", ""Body soap"", ""Iron"", ""Single level home"", ""First aid kit"", ""Outdoor furniture"", ""Babysitter recommendations"", ""BBQ grill"", ""Baking sheet"", ""Beach essentials"", ""Kitchen"", ""Hot water"", ""Washer"", ""Coffee maker"", ""Self check-in"", ""Freezer"", ""Barbecue utensils""]",t,t,$356.00,1,365,4.3,365.0,17,336,26,26,3,5.0,4.85,5.0,4.96,5.0,5.0,4.85,"STR-09073L, 624670",,0,"San Diego, CA",city scrape,
976312224007632305,536208105,https://www.airbnb.com/rooms/976312224007632305,2024-12-23,2023-09-08,2024-02-18,2024-08-27,Clinton,,,100%,t,1,f,t,Loma Portal,32.7551696,-117.227332,Entire rental unit,Entire home/apt,3,1 bath,0.0,2.0,"[""Wifi"", ""Keypad"", ""Carbon monoxide alarm"", ""TV"", ""Smoking allowed"", ""Smoke alarm"", ""Refrigerator"", ""Dedicated workspace"", ""Hair dryer"", ""Free parking on premises"", ""BBQ grill"", ""Exercise equipment"", ""Air conditioning"", ""Kitchen"", ""Outdoor dining area"", ""Pool"", ""Hot tub"", ""Self check-in"", ""Pool table""]",t,f,$100.00,31,365,31.0,1125.0,21,80,2,2,0,5.0,4.5,4.5,4.5,5.0,5.0,4.5,,,0,,city scrape,
1000795128205508916,541569666,https://www.airbnb.com/rooms/1000795128205508916,2024-12-23,2023-10-12,2023-11-27,2024-12-08,Michael,within an hour,100%,74%,f,1,t,t,University City,32.860931877758205,-117.18728391203408,Entire home,Entire home/apt,8,2 baths,4.0,6.0,"[""Pack \u2019n play/Travel crib - always at the listing"", ""Mini golf"", ""Wifi"", ""Dishes and silverware"", ""Coffee maker: drip coffee maker"", ""Toaster"", ""Keypad"", ""Children\u2019s dinnerware"", ""Carbon monoxide alarm"", ""TV"", ""Baby safety gates"", ""Stove"", ""Private backyard \u2013 Fully fenced"", ""Smoking allowed"", ""Ceiling fan"", ""Smoke alarm"", ""Coffee"", ""Clothing storage"", ""Refrigerator"", ""Sun loungers"", ""Wine glasses"", ""Free dryer \u2013 In unit"", ""Fire extinguisher"", ""Oven"", ""Central heating"", ""Exterior security cameras on property"", ""Shower gel"", ""Free street parking"", ""Pets allowed"", ""Hair dryer"", ""Hangers"", ""Dishwasher"", ""Blender"", ""Shampoo"", ""Indoor fireplace"", ""Dining table"", ""Conditioner"", ""Bathtub"", ""Cooking basics"", ""Exercise equipment: free weights, stationary bike, yoga mat"", ""Bed linens"", ""Portable fans"", ""Private patio or balcony"", ""Microwave"", ""Free parking on premises"", ""Cleaning products"", ""Essentials"", ""Extra pillows and blankets"", ""Body soap"", ""Iron"", ""First aid kit"", ""Outdoor furniture"", ""BBQ grill"", ""Free washer \u2013 In unit"", ""Baking sheet"", ""Kitchen"", ""Hot water"", ""Books and reading material"", ""Outdoor dining area"", ""Self check-in"", ""Freezer"", ""Room-darkening shades"", ""Barbecue utensils""]",t,f,$391.00,2,4,2.0,4.0,23,263,25,24,2,4.96,4.96,4.88,4.96,4.84,4.96,4.8,"STR-09078L, 649442",,0,,city scrape,
1020318622512356710,183204533,https://www.airbnb.com/rooms/1020318622512356710,2024-12-23,2018-04-08,2023-12-15,2024-12-08,Mark,within an hour,100%,100%,t,3,t,f,Mount Hope,32.700870475372575,-117.09753981896512,Entire home,Entire home/apt,7,2 baths,2.0,5.0,"[""City skyline view"", ""Clothing storage: closet and dresser"", ""Pack \u2019n play/Travel crib - always at the listing"", ""Wifi"", ""Dishes and silverware"", ""Coffee maker: drip coffee maker"", ""Keypad"", ""Carbon monoxide alarm"", ""TV"", ""Heating"", ""Ceiling fan"", ""Smoke alarm"", ""Refrigerator"", ""Free dryer \u2013 In unit"", ""Fire extinguisher"", ""Garden view"", ""Oven"", ""Hair dryer"", ""Hangers"", ""Shampoo"", ""Dining table"", ""Conditioner"", ""Cooking basics"", ""Bed linens"", ""Free parking on premises"", ""Microwave"", ""Cleaning products"", ""Essentials"", ""Extra pillows and blankets"", ""Body soap"", ""Iron"", ""BBQ grill"", ""Baking sheet"", ""Kitchen"", ""Hot water"", ""Washer"", ""Self check-in"", ""Barbecue utensils""]",t,f,$125.00,2,365,3.7,365.0,19,168,36,34,3,4.89,4.83,4.67,5.0,4.97,4.72,4.75,"STR-09301L, 651902",,0,"San Diego, CA",city scrape,
1040511013220406886,82919172,https://www.airbnb.com/rooms/1040511013220406886,2024-12-23,2016-07-10,2024-01-16,2024-08-13,Nxt,within an hour,99%,97%,t,124,t,t,Pacific Beach,32.8018183718908,-117.24059608053588,Entire bungalow,Entire home/apt,4,1 bath,1.0,2.0,"[""Wifi"", ""Toaster"", ""Dishes and silverware"", ""Keypad"", ""Carbon monoxide alarm"", ""Heating"", ""TV"", ""Stove"", ""Luggage dropoff allowed"", ""Smoke alarm"", ""Refrigerator"", ""Dedicated workspace"", ""Fire extinguisher"", ""Oven"", ""Dryer"", ""Free street parking"", ""Patio or balcony"", ""Hair dryer"", ""Hangers"", ""Dishwasher"", ""Shampoo"", ""Private entrance"", ""Cooking basics"", ""Crib"", ""Hot water kettle"", ""Bed linens"", ""High chair"", ""Essentials"", ""Extra pillows and blankets"", ""Backyard"", ""Iron"", ""Single level home"", ""Pack \u2019n play/Travel crib"", ""BBQ grill"", ""Beach essentials"", ""Kitchen"", ""Hot water"", ""Washer"", ""Free residential garage on premises"", ""Coffee maker"", ""Hot tub"", ""Self check-in""]",t,t,$155.00,2,365,4.7,365.0,26,284,7,7,0,4.86,4.57,5.0,4.86,5.0,5.0,4.86,"STR-10653L, 646622",,0,,city scrape,
1062559480970023489,82919172,https://www.airbnb.com/rooms/1062559480970023489,2024-12-23,2016-07-10,2024-05-21,2024-11-17,Nxt,within an hour,99%,97%,t,124,t,t,Pacific Beach,32.80313,-117.25644,Entire home,Entire home/apt,12,2 baths,4.0,8.0,"[""Wifi"", ""Toaster"", ""Dishes and silverware"", ""Long term stays allowed"", ""Carbon monoxide alarm"", ""Heating"", ""TV"", ""Stove"", ""Luggage dropoff allowed"", ""Smoke alarm"", ""Refrigerator"", ""Dedicated workspace"", ""Fire extinguisher"", ""Oven"", ""Dryer"", ""Pets allowed"", ""Free street parking"", ""Patio or balcony"", ""Hair dryer"", ""Hangers"", ""Dishwasher"", ""Shampoo"", ""Private entrance"", ""Bathtub"", ""Cooking basics"", ""Crib"", ""Hot water kettle"", ""Bed linens"", ""Free parking on premises"", ""Microwave"", ""Essentials"", ""Extra pillows and blankets"", ""Backyard"", ""Smart lock"", ""Iron"", ""First aid kit"", ""BBQ grill"", ""Air conditioning"", ""Kitchen"", ""Hot water"", ""Washer"", ""Beach essentials"", ""Coffee maker"", ""Hot tub"", ""Self check-in""]",t,t,$905.00,3,45,5.2,45.0,15,333,14,14,0,4.93,4.93,4.93,5.0,4.93,4.93,4.86,"STR-04426L, 645790",,0,,city scrape,
1087900017673898499,99936697,https://www.airbnb.com/rooms/1087900017673898499,2024-12-23,2016-10-16,2024-08-10,2024-10-06,Jonathan,within a few hours,100%,60%,f,1,t,f,Bay Park,32.79717536800867,-117.19120887395566,Entire home,Entire home/apt,6,3 baths,3.0,3.0,"[""Wifi"", ""Carbon monoxide alarm"", ""TV"", ""Smoke alarm"", ""Dedicated workspace"", ""Fire extinguisher"", ""Oven"", ""Free street parking"", ""Dishwasher"", ""Blender"", ""Private entrance"", ""Bed linens"", ""Free parking on premises"", ""Extra pillows and blankets"", ""Lockbox"", ""First aid kit"", ""Air conditioning"", ""Kitchen"", ""Washer"", ""Pool"", ""Coffee maker"", ""Self check-in"", ""Laundromat nearby"", ""Dryer \u2013\u00a0In unit""]",t,f,$350.00,6,180,6.0,180.0,0,124,2,2,0,5.0,5.0,5.0,5.0,5.0,4.5,5.0,"STR-10526L, 656202",,0,"California, United States",city scrape,
1107339958990615588,76584897,https://www.airbnb.com/rooms/1107339958990615588,2024-12-23,2016-06-08,,,Sara,,,100%,f,1,t,t,Bay Ho,32.814228165171635,-117.21016094800224,Entire home,Entire home/apt,8,2 baths,3.0,7.0,"[""Children\u2019s books and toys for ages 0-2 years old, 2-5 years old, 5-10 years old, and 10+ years old"", ""Wifi"", ""Toaster"", ""Dishes and silverware"", ""Long term stays allowed"", ""Children\u2019s dinnerware"", ""Carbon monoxide alarm"", ""TV"", ""Heating"", ""Private backyard \u2013 Fully fenced"", ""Ceiling fan"", ""Smoke alarm"", ""Coffee"", ""Clothing storage"", ""Refrigerator"", ""Wine glasses"", ""Dedicated workspace"", ""Free dryer \u2013 In unit"", ""Fire extinguisher"", ""Oven"", ""Outdoor playground"", ""Coffee maker: french press, Keurig coffee machine, pour-over coffee"", ""Free street parking"", ""Pets allowed"", ""Hair dryer"", ""Hangers"", ""Dishwasher"", ""Blender"", ""Dining table"", ""Bathtub"", ""Cooking basics"", ""Fire pit"", ""Hot water kettle"", ""Board games"", ""Bed linens"", ""Portable fans"", ""Private patio or balcony"", ""Microwave"", ""Free parking on premises"", ""Cleaning products"", ""Essentials"", ""Extra pillows and blankets"", ""Body soap"", ""Iron"", ""First aid kit"", ""Outdoor furniture"", ""BBQ grill"", ""Baking sheet"", ""Beach essentials"", ""Kitchen"", ""Hot water"", ""Washer"", ""Barbecue utensils"", ""Hammock"", ""Books and reading material"", ""Freezer"", ""Children's playroom""]",t,f,$421.00,31,365,31.0,365.0,29,268,0,0,0,,,,,,,,,,0,"California, United States",city scrape,
1128458300859557550,144010290,https://www.airbnb.com/rooms/1128458300859557550,2024-12-23,2017-08-02,,,Odelia,,,,f,1,t,t,North City,32.96423,-117.20611,Entire home,Entire home/apt,10,4 baths,5.0,,"[""Wifi"", ""Toaster"", ""Dishes and silverware"", ""Carbon monoxide alarm"", ""TV"", ""Heating"", ""Ceiling fan"", ""Smoke alarm"", ""Drying rack for clothing"", ""Clothing storage"", ""Sun loungers"", ""Wine glasses"", ""Fire extinguisher"", ""Oven"", ""Dryer"", ""Shower gel"", ""Free street parking"", ""Hangers"", ""Dishwasher"", ""Blender"", ""Shampoo"", ""Indoor fireplace"", ""Dining table"", ""Bathtub"", ""Cooking basics"", ""Fire pit"", ""Hot water kettle"", ""Board games"", ""Bed linens"", ""Free parking on premises"", ""Microwave"", ""Cleaning products"", ""Essentials"", ""Backyard"", ""Sound system"", ""Lockbox"", ""Iron"", ""First aid kit"", ""Outdoor furniture"", ""BBQ grill"", ""Baking sheet"", ""Air conditioning"", ""Kitchen"", ""Hot water"", ""Washer"", ""Books and reading material"", ""Outdoor dining area"", ""Pool"", ""Coffee maker"", ""Hot tub"", ""Self check-in"", ""Room-darkening shades"", ""Barbecue utensils""]",,f,,7,31,7.0,31.0,0,0,0,0,0,,,,,,,,"STR-09781L, 654084",,0,"San Diego, CA",previous scrape,
1144249698831408329,515551944,https://www.airbnb.com/rooms/1144249698831408329,2024-12-23,2023-05-19,2024-06-21,2024-12-01,Scott,,,,f,72,t,t,Ocean Beach,32.7490505,-117.2445433,Entire rental unit,Entire home/apt,4,1 bath,1.0,2.0,"[""Wifi"", ""Toaster"", ""Dishes and silverware"", ""Long term stays allowed"", ""Carbon monoxide alarm"", ""TV"", ""Stove"", ""Luggage dropoff allowed"", ""Smoke alarm"", ""Ceiling fan"", ""Coffee maker: Keurig coffee machine"", ""Clothing storage"", ""Refrigerator"", ""Coffee"", ""Wine glasses"", ""Fire extinguisher"", ""Oven"", ""Dryer"", ""Pets allowed"", ""Shower gel"", ""Free street parking"", ""Hair dryer"", ""Hangers"", ""Blender"", ""Shampoo"", ""Private entrance"", ""Dining table"", ""Conditioner"", ""Portable heater"", ""Cooking basics"", ""Bed linens"", ""Private patio or balcony"", ""Microwave"", ""Essentials"", ""Extra pillows and blankets"", ""Smart lock"", ""Iron"", ""Single level home"", ""First aid kit"", ""Outdoor furniture"", ""Pack \u2019n play/Travel crib"", ""Paid washer \u2013 In building"", ""Baking sheet"", ""Ethernet connection"", ""Beach essentials"", ""Kitchen"", ""Hot water"", ""Self check-in"", ""Freezer"", ""Shared beach access"", ""Laundromat nearby""]",t,t,$203.00,2,365,2.0,365.0,23,354,22,22,1,4.68,4.68,4.64,4.73,4.82,4.64,4.55,"STR-10139L, 648381",,0,"San Diego, CA",city scrape,
1161103227049420864,82919172,https://www.airbnb.com/rooms/1161103227049420864,2024-12-23,2016-07-10,,,Nxt,within an hour,99%,97%,t,124,t,t,Midtown,32.7454423806926,-117.15688291720838,Entire home,Entire home/apt,4,1 bath,2.0,2.0,"[""Wifi"", ""Toaster"", ""Dishes and silverware"", ""Long term stays allowed"", ""Carbon monoxide alarm"", ""Heating"", ""TV"", ""Stove"", ""Luggage dropoff allowed"", ""Smoke alarm"", ""Refrigerator"", ""Dedicated workspace"", ""Fire extinguisher"", ""Oven"", ""Dryer"", ""Pets allowed"", ""Free street parking"", ""Hair dryer"", ""Hangers"", ""Dishwasher"", ""Shampoo"", ""Private entrance"", ""Bathtub"", ""Cooking basics"", ""Crib"", ""Hot water kettle"", ""Bed linens"", ""Free parking on premises"", ""Microwave"", ""Essentials"", ""Extra pillows and blankets"", ""Smart lock"", ""Iron"", ""Single level home"", ""First aid kit"", ""BBQ grill"", ""Air conditioning"", ""Kitchen"", ""Hot water"", ""Washer"", ""Coffee maker"", ""Self check-in""]",t,t,$171.00,31,365,31.0,365.0,0,331,0,0,0,,,,,,,,,,0,,city scrape,
1176342927512455801,110360327,https://www.airbnb.com/rooms/1176342927512455801,2024-12-23,2017-01-07,,,Anne,within an hour,100%,64%,f,10,t,t,Scripps Ranch,32.90111,-117.08635,Private room in home,Private room,1,1 shared bath,1.0,1.0,"[""Wifi"", ""Dishes and silverware"", ""Carbon monoxide alarm"", ""Heating"", ""TV"", ""Stove"", ""Smoke alarm"", ""Clothing storage"", ""Dedicated workspace"", ""Hangers"", ""Bathtub"", ""Cooking basics"", ""Bed linens"", ""Free parking on premises"", ""Microwave"", ""First aid kit"", ""Air conditioning"", ""Kitchen"", ""Washer"", ""Lock on bedroom door"", ""Room-darkening shades""]",t,f,$58.00,31,365,31.0,365.0,30,365,0,0,0,,,,,,,,,,0,"San Diego, CA",city scrape,
1194917572635474133,566911145,https://www.airbnb.com/rooms/1194917572635474133,2024-12-23,2024-03-13,2024-08-26,2024-12-09,George,within an hour,97%,99%,t,29,t,t,East Village,32.712759,-117.156991,Entire condo,Entire home/apt,6,1 bath,2.0,2.0,"[""Air conditioning"", ""Kitchen"", ""Wifi"", ""TV with standard cable"", ""Smoke alarm"", ""Bed linens"", ""Dishes and silverware"", ""Microwave"", ""Exterior security cameras on property"", ""Essentials"", ""Hangers"", ""Carbon monoxide alarm"", ""Shampoo"", ""Stove"", ""Dining table"", ""Conditioner"", ""Ceiling fan"", ""Refrigerator""]",t,t,$128.00,2,28,4.5,28.0,22,327,15,15,2,4.8,4.73,4.93,4.8,4.8,4.67,4.67,Exempt,,0,,city scrape,
1213813813420918789,22421107,https://www.airbnb.com/rooms/1213813813420918789,2024-12-23,2014-10-12,,,Sofija,within an hour,100%,95%,t,4,t,t,City Heights West,32.75141,-117.12211,Entire guesthouse,Entire home/apt,2,1 bath,1.0,1.0,"[""Wifi"", ""Dishes and silverware"", ""Long term stays allowed"", ""Carbon monoxide alarm"", ""Heating"", ""TV"", ""Smoke alarm"", ""Coffee"", ""Refrigerator"", ""Wine glasses"", ""Dedicated workspace"", ""Exterior security cameras on property"", ""Shower gel"", ""Free street parking"", ""Hair dryer"", ""Shampoo"", ""Private entrance"", ""Dining table"", ""Conditioner"", ""Microwave"", ""Air conditioning"", ""Kitchen"", ""Hot water"", ""Washer"", ""Outdoor dining area"", ""Gas stove"", ""Dryer \u2013\u00a0In unit""]",t,t,$133.00,5,365,5.0,365.0,0,144,0,0,0,,,,,,,,"STR-10285L, 655364",,0,"San Diego, CA",city scrape,
1229748118370929142,3017970,https://www.airbnb.com/rooms/1229748118370929142,2024-12-23,2012-07-22,,,Surf Style,within a few hours,96%,42%,f,265,t,t,Pacific Beach,32.8068737,-117.2570687,Entire home,Entire home/apt,14,3.5 baths,5.0,11.0,"[""Wifi"", ""Toaster"", ""Dishes and silverware"", ""Long term stays allowed"", ""Children\u2019s dinnerware"", ""Carbon monoxide alarm"", ""Heating"", ""Stove"", ""Smoke alarm"", ""Ceiling fan"", ""Clothing storage"", ""Refrigerator"", ""Wine glasses"", ""TV with standard cable"", ""Oven"", ""Dryer"", ""Patio or balcony"", ""Hair dryer"", ""Hangers"", ""Dishwasher"", ""Blender"", ""Indoor fireplace"", ""Shampoo"", ""Dining table"", ""Hot water kettle"", ""Bed linens"", ""Portable fans"", ""Free parking on premises"", ""Microwave"", ""Essentials"", ""Extra pillows and blankets"", ""Backyard"", ""Iron"", ""Outdoor furniture"", ""BBQ grill"", ""Baking sheet"", ""Beach essentials"", ""Kitchen"", ""Hot water"", ""Washer"", ""Coffee maker"", ""Freezer"", ""Barbecue utensils""]",t,f,$293.00,3,365,3.1,365.0,17,340,0,0,0,,,,,,,,"STR-03040L, 629584",,0,"San Diego, CA",city scrape,
1247884953528482693,535498374,https://www.airbnb.com/rooms/1247884953528482693,2024-12-23,2023-09-04,,,Bao Khanh,within a few hours,100%,92%,f,9,t,t,Darnall,32.7474387,-117.0656079,Entire guesthouse,Entire home/apt,2,2 baths,2.0,2.0,"[""Dedicated workspace"", ""Cooking basics"", ""Air conditioning"", ""Kitchen"", ""Washer"", ""Wifi"", ""Outdoor dining area"", ""Free parking on premises"", ""Pets allowed"", ""Carbon monoxide alarm"", ""Heating"", ""Smoke alarm""]",t,f,$115.00,1,365,1.0,365.0,30,363,0,0,0,,,,,,,,"STR-08893L, 650870",,0,"San Diego, CA",city scrape,
1263168010585875149,468914943,https://www.airbnb.com/rooms/1263168010585875149,2024-12-23,2022-07-11,,,RoomPicks,within an hour,100%,97%,f,919,t,f,East Village,32.70984,-117.15889,Room in hotel,Hotel room,3,1 bath,1.0,1.0,"[""Wifi"", ""Paid parking on premises"", ""Building staff"", ""Carbon monoxide alarm"", ""Heating"", ""TV"", ""Smoke alarm"", ""Dedicated workspace"", ""Fire extinguisher"", ""Pets allowed"", ""Hair dryer"", ""Hangers"", ""Shampoo"", ""Bed linens"", ""Essentials"", ""Extra pillows and blankets"", ""Iron"", ""First aid kit"", ""Air conditioning"", ""Self check-in""]",t,t,$240.00,1,1125,1.0,734.9,26,298,0,0,0,,,,,,,,Exempt,,0,,city scrape,
1278718400707218260,20632323,https://www.airbnb.com/rooms/1278718400707218260,2024-12-23,2014-08-28,,,Blake,within an hour,100%,96%,f,12,t,t,East Village,32.7096465399637,-117.15445540845394,Entire rental unit,Entire home/apt,4,2 baths,2.0,2.0,"[""Exercise equipment"", ""Fire extinguisher"", ""City skyline view"", ""Air conditioning"", ""Washer"", ""Wifi"", ""Kitchen"", ""Outdoor dining area"", ""Free parking on premises"", ""Exterior security cameras on property"", ""Carbon monoxide alarm"", ""TV"", ""Private entrance"", ""First aid kit"", ""Smoke alarm"", ""Courtyard view""]",t,t,$159.00,31,365,31.0,365.0,21,355,0,0,0,,,,,,,,,,0,"San Diego, CA",city scrape,
1292780160643569110,506447871,https://www.airbnb.com/rooms/1292780160643569110,2024-12-23,2023-03-21,2024-11-30,2024-12-20,Matthew,within an hour,100%,100%,f,1,t,f,Clairemont Mesa,32.82335,-117.17251,Private room in guest suite,Private room,2,1 private bath,1.0,1.0,"[""Wifi"", ""Long term stays allowed"", ""Carbon monoxide alarm"", ""Luggage dropoff allowed"", ""Smoke alarm"", ""Ceiling fan"", ""Coffee maker: Keurig coffee machine"", ""Coffee"", ""Wine glasses"", ""Fireplace guards"", ""Fire extinguisher"", ""Central heating"", ""Exterior security cameras on property"", ""Shower gel"", ""Free street parking"", ""Hair dryer"", ""Shampoo"", ""Private entrance"", ""Conditioner"", ""Bed linens"", ""Mini fridge"", ""Private patio or balcony"", ""Microwave"", ""Single level home"", ""Outdoor furniture"", ""TV with Fire TV"", ""Hot water"", ""Laundromat nearby"", ""Room-darkening shades""]",t,t,$53.00,1,365,1.0,365.0,17,279,6,6,6,5.0,5.0,5.0,5.0,5.0,5.0,5.0,"STR-10882L, 658681",,0,"San Diego, CA",city scrape,
1302163025854253473,662190922,https://www.airbnb.com/rooms/1302163025854253473,2024-12-23,2024-11-14,,,Scott,within an hour,97%,93%,f,37,t,t,Little Italy,32.72151,-117.16977,Entire rental unit,Entire home/apt,3,1 bath,1.0,1.0,"[""Wifi"", ""Dishes and silverware"", ""TV"", ""Stove"", ""Smoke alarm"", ""Coffee"", ""Refrigerator"", ""Dedicated workspace"", ""Oven"", ""Central heating"", ""Hair dryer"", ""Dishwasher"", ""Shampoo"", ""Dining table"", ""Conditioner"", ""Bathtub"", ""Cooking basics"", ""Paid parking garage on premises"", ""Microwave"", ""Cleaning products"", ""Essentials"", ""Body soap"", ""BBQ grill"", ""Exercise equipment"", ""Air conditioning"", ""Kitchen"", ""Hot water"", ""Washer"", ""Pool"", ""Coffee maker"", ""Hot tub"", ""Freezer"", ""Pool table"", ""Dryer \u2013\u00a0In unit""]",t,f,$119.00,31,365,29.2,365.0,15,325,0,0,0,,,,,,,,"STR-09087L, 633382",,0,,city scrape,
1315382998459207277,162283241,https://www.airbnb.com/rooms/1315382998459207277,2024-12-23,2017-12-11,,,Kimberly,within an hour,96%,99%,t,153,t,t,Pacific Beach,32.800396275778084,-117.25872834748634,Entire condo,Entire home/apt,4,1 bath,1.0,2.0,"[""Wifi"", ""Toaster"", ""Dishes and silverware"", ""Keypad"", ""Carbon monoxide alarm"", ""Heating"", ""TV"", ""Stove"", ""Smoke alarm"", ""Clothing storage"", ""Refrigerator"", ""Wine glasses"", ""Fire extinguisher"", ""Oven"", ""Free street parking"", ""Hair dryer"", ""Hangers"", ""Dishwasher"", ""Blender"", ""Shampoo"", ""Dining table"", ""Conditioner"", ""Cooking basics"", ""Hot water kettle"", ""Portable fans"", ""Free parking on premises"", ""Microwave"", ""Waterfront"", ""Cleaning products"", ""Essentials"", ""Body soap"", ""Iron"", ""First aid kit"", ""Pack \u2019n play/Travel crib"", ""BBQ grill"", ""Baking sheet"", ""Air conditioning"", ""Kitchen"", ""Hot water"", ""Beach essentials"", ""Pool"", ""Coffee maker"", ""Hot tub"", ""Self check-in"", ""Freezer"", ""Barbecue utensils""]",t,t,$137.00,1,60,3.8,60.0,22,357,0,0,0,,,,,,,,"STR-02252L, 600427",,0,"Del Mar, CA",city scrape,
